id,date,home_team,visit_team,home_team_score,visit_team_score,away_losses,away_wins,home_losses,home_wins
400974952,2017-11-14,BKN,BOS,102,109,2,13,9,5
400975285,2017-12-31,BOS,BKN,108,105,23,13,10,30
400975325,2018-01-06,BKN,BOS,85,87,10,33,24,15
400975965,2018-04-11,BOS,BKN,110,97,54,28,27,55
400974802,2017-10-24,BOS,NY,110,89,3,0,2,2
400974824,2017-10-27,NY,BKN,107,86,3,3,3,1
400975165,2017-12-14,BKN,NY,104,111,13,15,16,11
400975219,2017-12-21,NY,BOS,102,93,9,26,14,17
400975388,2018-01-15,BKN,NY,104,119,24,20,28,16
400975491,2018-01-30,NY,BKN,111,95,33,18,28,23
400975504,2018-01-31,BOS,NY,103,73,29,23,15,37
400975632,2018-02-24,NY,BOS,112,121,19,42,37,24
400974772,2017-10-20,PHI,BOS,92,102,2,1,2,0
400975065,2017-11-30,BOS,PHI,108,97,9,12,4,19
400974445,2017-12-25,NY,PHI,98,105,18,15,16,17
400975360,2018-01-11,PHI,BOS,103,114,10,34,20,19
400975409,2018-01-18,BOS,PHI,80,89,20,21,12,34
400975502,2018-01-31,BKN,PHI,116,108,24,24,33,19
400975588,2018-02-12,PHI,NY,108,92,35,23,25,29
400975745,2018-03-11,BKN,PHI,97,120,29,36,46,21
400975768,2018-03-15,NY,PHI,110,118,30,37,45,24
400975776,2018-03-16,PHI,BKN,120,116,48,21,30,38
400975864,2018-03-28,PHI,NY,118,101,49,27,30,44
400975903,2018-04-03,PHI,BKN,121,95,53,25,30,47
400974778,2017-10-21,TOR,PHI,128,94,3,0,0,2
400974939,2017-11-12,BOS,TOR,95,94,5,7,2,12
400974972,2017-11-17,TOR,NY,107,84,7,8,5,10
400975009,2017-11-22,NY,TOR,108,100,6,11,7,10
400975175,2017-12-15,TOR,BKN,120,87,17,11,8,19
400975218,2017-12-21,PHI,TOR,109,114,8,22,17,14
400975231,2017-12-23,TOR,PHI,102,86,18,14,8,23
400975338,2018-01-08,BKN,TOR,113,114,10,28,25,15
400975385,2018-01-15,PHI,TOR,117,111,13,29,20,20
400975544,2018-02-06,TOR,BOS,111,91,16,39,16,37
400975558,2018-02-08,TOR,NY,113,88,33,23,16,38
400975738,2018-03-11,NY,TOR,106,132,17,49,43,24
400975754,2018-03-13,BKN,TOR,102,116,17,50,47,21
400975828,2018-03-23,TOR,BKN,116,112,50,23,19,54
400975886,2018-03-31,BOS,TOR,110,99,21,55,23,53
400975917,2018-04-04,TOR,BOS,96,78,25,53,22,56
400974814,2017-10-25,GS,TOR,117,112,2,2,2,3
400974935,2017-11-11,GS,PHI,135,114,6,6,3,10
400974966,2017-11-16,BOS,GS,92,88,4,11,2,14
400974982,2017-11-18,PHI,GS,116,124,4,12,7,8
400974987,2017-11-19,BKN,GS,111,118,4,13,10,6
400975377,2018-01-13,TOR,GS,125,127,9,35,12,29
400975445,2018-01-23,GS,NY,123,112,27,21,10,38
400975474,2018-01-27,GS,BOS,109,105,15,35,10,40
400975646,2018-02-26,NY,GS,111,125,14,47,38,24
400975709,2018-03-06,GS,BKN,114,101,45,20,14,50
400974851,2017-10-30,LAC,GS,113,141,3,5,2,4
400974951,2017-11-13,LAC,PHI,105,109,6,7,8,5
400974996,2017-11-20,NY,LAC,107,85,11,5,7,9
400975147,2017-12-11,LAC,TOR,96,91,8,17,15,10
400975324,2018-01-06,LAC,GS,105,121,8,32,21,17
400975359,2018-01-10,GS,LAC,106,125,21,19,9,33
400975455,2018-01-24,LAC,BOS,102,113,14,35,24,23
400975574,2018-02-10,PHI,LAC,112,98,26,28,25,28
400975589,2018-02-12,BKN,LAC,101,114,26,29,39,19
400975604,2018-02-14,BOS,LAC,119,129,26,30,19,40
400975618,2018-02-22,GS,LAC,134,127,27,30,14,45
400975681,2018-03-02,LAC,NY,128,105,39,24,28,33
400975694,2018-03-04,LAC,BKN,123,120,44,20,28,34
400975843,2018-03-25,TOR,LAC,106,117,34,39,20,54
400974442,2017-10-19,LAL,LAC,92,108,0,1,1,0
400974827,2017-10-27,LAL,TOR,92,101,2,3,3,2
400974881,2017-11-03,LAL,BKN,124,112,6,3,5,4
400974912,2017-11-08,BOS,LAL,107,96,6,5,2,10
400974965,2017-11-15,LAL,PHI,109,115,6,8,9,6
400975048,2017-11-27,LAC,LAL,120,115,12,8,11,8
400975063,2017-11-29,LAL,GS,123,127,6,16,13,8
400975114,2017-12-07,PHI,LAL,104,107,15,9,11,13
400975150,2017-12-12,NY,LAL,113,109,16,10,13,14
400975201,2017-12-18,LAL,GS,114,116,6,24,18,10
400975230,2017-12-22,GS,LAL,113,106,19,11,6,26
400975275,2017-12-29,LAL,LAC,106,121,19,15,23,11
400975430,2018-01-21,LAL,NY,127,107,26,21,29,17
400975446,2018-01-23,LAL,BOS,108,107,14,34,29,18
400975481,2018-01-28,TOR,LAL,123,111,30,19,15,33
400975514,2018-02-02,BKN,LAL,99,102,31,20,34,19
400975765,2018-03-14,GS,LAL,117,106,37,31,16,52
400975974,2018-04-11,LAC,LAL,100,115,47,35,40,42
400974777,2017-10-20,PHX,LAL,130,132,1,1,2,0
400974788,2017-10-21,LAC,PHX,130,88,3,0,0,2
400974853,2017-10-31,BKN,PHX,114,122,4,3,5,3
400974875,2017-11-03,NY,PHX,120,107,5,4,4,4
400974898,2017-11-06,PHX,BKN,92,98,6,4,7,4
400974947,2017-11-13,PHX,LAL,93,100,8,6,10,5
400974978,2017-11-17,LAL,PHX,113,122,11,6,10,6
400975077,2017-12-02,BOS,PHX,116,111,16,8,4,20
400975092,2017-12-04,PHI,PHX,101,115,16,9,10,13
400975101,2017-12-05,TOR,PHX,126,113,17,9,7,15
400975162,2017-12-13,PHX,TOR,109,115,8,18,21,9
400975216,2017-12-20,LAC,PHX,108,95,22,11,18,12
400975290,2017-12-31,PHX,PHI,110,123,19,17,24,14
400975469,2018-01-26,PHX,NY,85,107,28,22,32,17
400975550,2018-02-06,LAL,PHX,112,93,37,18,31,22
400975592,2018-02-12,GS,PHX,129,83,40,18,13,44
400975627,2018-02-23,PHX,LAC,117,128,27,31,42,18
400975790,2018-03-17,PHX,GS,109,124,17,53,52,19
400975853,2018-03-26,PHX,BOS,94,102,23,51,56,19
400975868,2018-03-28,PHX,LAC,99,111,34,41,57,19
400975899,2018-04-01,GS,PHX,117,107,59,19,21,56
400975949,2018-04-08,PHX,GS,100,117,23,58,61,20
400974799,2017-10-23,PHX,SAC,117,115,3,1,3,1
400974860,2017-11-01,BOS,SAC,113,86,7,1,2,6
400974918,2017-11-09,SAC,PHI,109,108,5,6,8,3
400974930,2017-11-11,NY,SAC,118,91,9,3,5,7
400975017,2017-11-22,SAC,LAL,113,102,11,8,13,5
400975037,2017-11-25,SAC,LAC,95,97,11,7,14,5
400975047,2017-11-27,GS,SAC,106,110,14,6,6,15
400975136,2017-12-10,SAC,TOR,87,102,7,17,18,8
400975154,2017-12-12,SAC,PHX,99,92,20,9,18,9
400975188,2017-12-17,TOR,SAC,108,93,20,9,8,20
400975202,2017-12-19,PHI,SAC,95,101,20,10,16,14
400975208,2017-12-20,BKN,SAC,99,104,20,11,19,11
400975251,2017-12-26,LAC,SAC,122,95,22,11,19,14
400975273,2017-12-29,SAC,PHX,101,111,23,14,23,12
400975348,2018-01-09,LAL,SAC,99,86,27,13,27,13
400975362,2018-01-11,SAC,LAC,115,121,21,20,28,13
400975374,2018-01-13,LAC,SAC,126,105,29,13,21,21
400975520,2018-02-02,SAC,GS,104,119,11,41,35,16
400975637,2018-02-24,SAC,LAL,108,113,34,25,41,18
400975670,2018-03-01,SAC,BKN,116,111,43,20,43,19
400975695,2018-03-04,SAC,NY,102,99,40,24,44,20
400975779,2018-03-16,GS,SAC,93,98,47,23,17,52
400975845,2018-03-25,SAC,BOS,93,104,23,50,50,24
400975888,2018-03-31,SAC,GS,96,112,21,55,53,24
400975901,2018-04-01,LAL,SAC,83,84,53,25,43,33
400975913,2018-04-03,PHX,SAC,97,94,54,25,59,20
400974769,2017-10-19,TOR,CHI,117,100,1,0,0,1
400974904,2017-11-07,TOR,CHI,119,114,7,2,4,6
400974990,2017-11-19,PHX,CHI,113,105,11,3,11,7
400975003,2017-11-21,LAL,CHI,103,94,12,3,10,8
400975027,2017-11-24,GS,CHI,143,94,14,3,5,14
400975050,2017-11-28,CHI,PHX,99,104,14,8,16,3
400975073,2017-12-01,CHI,SAC,106,107,15,7,18,3
400975131,2017-12-09,CHI,NY,104,102,13,12,20,5
400975142,2017-12-11,CHI,BOS,108,85,6,23,20,6
400975195,2017-12-18,CHI,PHI,117,115,15,14,20,9
400975236,2017-12-23,BOS,CHI,117,92,22,10,9,27
400975255,2017-12-27,CHI,NY,92,87,17,17,22,12
400975306,2018-01-03,CHI,TOR,115,124,10,26,25,13
400975353,2018-01-10,NY,CHI,119,122,27,15,22,19
400975403,2018-01-17,CHI,GS,112,119,9,37,28,17
400975450,2018-01-24,PHI,CHI,115,101,30,18,21,23
400975463,2018-01-26,CHI,LAL,103,108,29,19,31,18
400975521,2018-02-03,LAC,CHI,113,103,34,18,25,26
400975541,2018-02-05,SAC,CHI,104,98,35,18,36,17
400975605,2018-02-14,CHI,TOR,98,122,16,41,37,20
400975616,2018-02-22,CHI,PHI,115,116,25,31,38,20
400975645,2018-02-26,BKN,CHI,104,87,40,20,41,20
400975699,2018-03-05,CHI,BOS,89,105,20,45,42,21
400975756,2018-03-13,CHI,LAC,106,112,29,37,44,23
400975801,2018-03-19,NY,CHI,110,92,46,24,45,26
400975931,2018-04-06,BOS,CHI,111,104,52,27,25,54
400975939,2018-04-07,CHI,BKN,96,124,53,27,53,27
400975951,2018-04-09,BKN,CHI,114,105,54,27,53,28
400974437,2017-10-17,CLE,BOS,102,99,1,0,0,1
400974800,2017-10-24,CLE,CHI,119,112,3,0,1,3
400974809,2017-10-25,BKN,CLE,112,107,2,3,2,3
400974841,2017-10-29,CLE,NY,95,114,3,2,4,3
400974944,2017-11-13,NY,CLE,101,104,7,7,6,7
400974971,2017-11-17,CLE,LAC,118,113,9,5,7,9
400975005,2017-11-22,CLE,BKN,119,109,11,6,7,11
400975042,2017-11-27,PHI,CLE,91,113,7,13,8,11
400975095,2017-12-04,CHI,CLE,91,113,7,17,19,3
400975104,2017-12-06,CLE,SAC,101,95,17,7,7,18
400975130,2017-12-09,CLE,PHI,105,98,12,13,8,19
400975166,2017-12-14,CLE,LAL,121,112,17,10,8,21
400975217,2017-12-21,CLE,CHI,115,112,21,10,9,24
400974446,2017-12-25,GS,CLE,99,92,10,24,7,27
400975259,2017-12-27,SAC,CLE,109,95,11,24,22,12
400975305,2018-01-03,BOS,CLE,102,88,13,25,10,31
400975361,2018-01-11,TOR,CLE,133,99,15,26,11,29
400975392,2018-01-15,CLE,GS,108,118,9,36,17,26
400975581,2018-02-11,BOS,CLE,99,121,22,33,18,40
400975654,2018-02-27,CLE,BKN,129,123,42,20,24,36
400975669,2018-03-01,CLE,PHI,97,108,27,33,25,36
400975732,2018-03-09,LAC,CLE,116,102,27,38,29,35
400975746,2018-03-11,LAL,CLE,127,113,28,38,36,30
400975760,2018-03-13,PHX,CLE,107,129,28,39,50,19
400975785,2018-03-17,CHI,CLE,109,114,29,40,45,24
400975811,2018-03-21,CLE,TOR,132,129,19,53,29,42
400975826,2018-03-23,CLE,PHX,120,95,54,19,29,43
400975840,2018-03-25,BKN,CLE,114,121,29,44,51,23
400975902,2018-04-03,CLE,TOR,112,106,22,55,30,48
400975929,2018-04-06,PHI,CLE,132,130,31,49,30,49
400975953,2018-04-09,NY,CLE,109,123,31,50,53,28
400975966,2018-04-11,CLE,NY,98,110,53,29,32,50
400974781,2017-10-21,NY,DET,107,111,1,2,2,0
400974792,2017-10-23,DET,PHI,86,97,3,1,2,2
400974835,2017-10-28,LAC,DET,87,95,2,4,1,4
400974842,2017-10-29,GS,DET,107,115,2,5,3,4
400974855,2017-10-31,LAL,DET,113,93,3,5,4,3
400974883,2017-11-04,DET,SAC,108,99,8,1,3,7
400974993,2017-11-20,DET,CLE,88,116,7,10,6,11
400975043,2017-11-27,BOS,DET,108,118,6,13,4,18
400975054,2017-11-29,DET,PHX,131,107,15,8,6,14
400975081,2017-12-02,PHI,DET,108,103,8,14,9,13
400975119,2017-12-08,DET,GS,98,102,6,21,11,14
400975137,2017-12-10,DET,BOS,81,91,5,23,12,14
400975222,2017-12-22,DET,NY,104,101,15,17,14,18
400975315,2018-01-05,PHI,DET,114,78,17,20,19,19
400975352,2018-01-10,BKN,DET,80,114,18,22,26,15
400975378,2018-01-13,CHI,DET,107,105,19,22,27,16
400975402,2018-01-17,TOR,DET,96,91,21,22,13,30
400975431,2018-01-21,DET,BKN,100,101,29,18,23,22
400975480,2018-01-28,CLE,DET,121,104,26,22,19,29
400975493,2018-01-30,DET,CLE,125,114,20,29,26,23
400975551,2018-02-07,DET,BKN,115,106,37,19,26,27
400975563,2018-02-09,DET,LAC,95,108,25,28,27,27
400975619,2018-02-23,DET,BOS,98,110,19,41,30,28
400975647,2018-02-26,TOR,DET,123,94,32,28,17,42
400975696,2018-03-05,CLE,DET,112,90,35,29,26,37
400975712,2018-03-07,DET,TOR,119,121,17,47,36,29
400975723,2018-03-09,DET,CHI,99,83,43,22,36,30
400975803,2018-03-19,SAC,DET,90,106,39,31,49,23
400975809,2018-03-20,PHX,DET,88,115,39,32,53,19
400975835,2018-03-24,DET,CHI,117,95,49,24,40,33
400975850,2018-03-26,DET,LAL,112,106,41,32,40,34
400975885,2018-03-31,NY,DET,109,115,40,36,50,27
400975894,2018-04-01,BKN,DET,96,108,40,37,52,25
400975915,2018-04-04,DET,PHI,108,115,30,48,41,37
400975950,2018-04-09,DET,TOR,98,108,22,59,43,38
400975970,2018-04-11,CHI,DET,87,119,43,39,55,27
400974701,2017-10-18,IND,BKN,140,131,1,0,0,1
400974852,2017-10-31,IND,SAC,101,83,6,1,3,4
400974857,2017-11-01,CLE,IND,107,124,3,5,5,3
400974872,2017-11-03,PHI,IND,121,110,4,5,4,5
400974893,2017-11-05,NY,IND,108,101,5,5,4,5
400974910,2017-11-08,DET,IND,114,97,7,5,3,8
400974922,2017-11-10,CHI,IND,87,105,7,6,8,2
400974968,2017-11-17,IND,DET,107,100,5,10,8,8
400975022,2017-11-24,IND,TOR,107,104,7,11,8,11
400975032,2017-11-25,IND,BOS,98,108,3,18,9,11
400975070,2017-12-01,TOR,IND,120,115,11,12,7,14
400975091,2017-12-04,IND,NY,115,97,12,11,11,13
400975105,2017-12-06,IND,CHI,98,96,20,3,11,14
400975120,2017-12-08,IND,CLE,106,102,8,18,11,15
400975170,2017-12-15,IND,DET,98,104,13,16,13,16
400975190,2017-12-17,BKN,IND,97,109,13,17,18,11
400975193,2017-12-18,IND,BOS,111,112,7,26,14,17
400975233,2017-12-23,IND,BKN,123,119,20,12,14,19
400975244,2017-12-26,DET,IND,107,83,15,19,14,19
400975270,2017-12-29,CHI,IND,119,107,17,19,22,13
400975327,2018-01-06,IND,CHI,125,86,26,14,19,20
400975365,2018-01-12,IND,CLE,97,95,16,26,20,22
400975382,2018-01-14,PHX,IND,97,120,20,23,28,16
400975419,2018-01-19,LAL,IND,99,86,22,24,29,16
400975449,2018-01-24,IND,PHX,116,101,31,17,22,26
400975461,2018-01-26,CLE,IND,115,108,23,26,19,28
400975523,2018-02-03,IND,PHI,100,92,25,25,24,30
400975566,2018-02-09,BOS,IND,91,97,25,31,17,40
400975582,2018-02-11,IND,NY,121,113,34,23,25,32
400975602,2018-02-14,BKN,IND,103,108,25,33,40,19
400975744,2018-03-11,BOS,IND,97,99,28,39,21,46
400975751,2018-03-13,PHI,IND,98,101,28,40,30,36
400975766,2018-03-15,IND,TOR,99,106,17,51,29,40
400975797,2018-03-19,IND,LAL,110,100,39,31,30,41
400975824,2018-03-23,IND,LAC,109,104,34,38,31,42
400975860,2018-03-27,GS,IND,81,92,31,44,20,54
400975873,2018-03-29,SAC,IND,103,106,31,45,52,24
400975892,2018-04-01,LAC,IND,104,111,31,46,36,41
400975921,2018-04-05,IND,GS,126,106,22,57,32,47
400975933,2018-04-06,TOR,IND,92,73,33,47,22,57
400974703,2017-10-18,BOS,MIL,100,108,0,1,2,0
400974443,2017-10-20,MIL,CLE,97,116,0,2,1,1
400974818,2017-10-26,MIL,BOS,89,96,2,3,2,3
400974870,2017-11-03,DET,MIL,105,96,5,4,3,6
400974900,2017-11-07,CLE,MIL,124,119,6,4,6,5
400974933,2017-11-11,MIL,LAL,98,90,8,5,6,6
400974960,2017-11-15,MIL,DET,99,95,4,10,6,8
400975015,2017-11-22,PHX,MIL,107,113,8,9,12,7
400975053,2017-11-28,SAC,MIL,87,112,9,10,15,6
400975082,2017-12-02,MIL,SAC,109,104,16,7,9,12
400975094,2017-12-04,BOS,MIL,111,100,10,12,4,21
400975110,2017-12-06,MIL,DET,104,100,10,14,10,13
400975177,2017-12-15,MIL,CHI,109,115,20,8,12,15
400975204,2017-12-19,MIL,CLE,119,116,9,23,13,16
400975247,2017-12-26,MIL,CHI,106,115,22,11,15,17
400975292,2018-01-01,TOR,MIL,131,127,16,19,10,25
400975307,2018-01-03,MIL,IND,122,101,19,19,16,20
400975317,2018-01-05,MIL,TOR,110,129,10,27,17,20
400975337,2018-01-08,IND,MIL,109,96,18,21,19,21
400975368,2018-01-12,MIL,GS,94,108,9,34,19,22
400975424,2018-01-20,PHI,MIL,116,94,22,23,20,22
400975437,2018-01-22,MIL,PHX,109,105,30,17,22,24
400975465,2018-01-26,MIL,BKN,116,91,31,18,22,25
400975477,2018-01-28,CHI,MIL,96,110,22,26,32,18
400975487,2018-01-29,MIL,PHI,107,95,23,24,22,27
400975517,2018-02-02,MIL,NY,92,90,30,23,23,28
400975531,2018-02-04,BKN,MIL,94,109,23,29,35,19
400975547,2018-02-06,NY,MIL,89,103,23,30,32,23
400975622,2018-02-23,TOR,MIL,119,122,25,33,17,41
400975659,2018-02-28,DET,MIL,110,87,28,33,32,29
400975678,2018-03-02,MIL,IND,96,103,27,35,29,33
400975693,2018-03-04,MIL,PHI,118,110,28,34,29,34
400975697,2018-03-05,IND,MIL,92,89,30,34,27,37
400975727,2018-03-09,MIL,NY,120,112,42,24,31,35
400975796,2018-03-19,CLE,MIL,124,117,33,37,29,41
400975816,2018-03-21,MIL,LAC,120,127,33,38,34,37
400975829,2018-03-23,CHI,MIL,105,118,34,38,48,24
400975861,2018-03-27,LAC,MIL,105,98,35,39,34,40
400975874,2018-03-29,GS,MIL,107,116,35,40,21,54
400975882,2018-03-30,LAL,MIL,122,124,35,41,42,33
400975908,2018-04-03,MIL,BOS,106,102,24,53,36,42
400975924,2018-04-05,MIL,BKN,111,119,53,26,37,42
400975938,2018-04-07,NY,MIL,102,115,37,43,52,28
400975969,2018-04-11,PHI,MIL,130,95,38,44,30,52
400974776,2017-10-20,DAL,SAC,88,93,1,1,2,0
400974796,2017-10-23,DAL,GS,103,133,2,2,4,0
400974832,2017-10-28,DAL,PHI,110,112,4,2,6,1
400974867,2017-11-01,LAC,DAL,119,98,8,1,2,5
400974932,2017-11-11,DAL,CLE,104,111,7,6,11,2
400974984,2017-11-18,DAL,MIL,111,79,7,8,14,3
400975000,2017-11-20,DAL,BOS,102,110,2,16,15,3
400975061,2017-11-29,DAL,BKN,104,109,13,8,17,5
400975078,2017-12-02,DAL,LAC,108,82,13,8,17,6
400975107,2017-12-06,BOS,DAL,97,90,18,7,4,22
400975123,2017-12-08,MIL,DAL,109,102,19,7,10,14
400975168,2017-12-14,GS,DAL,112,97,21,8,6,23
400975199,2017-12-18,DAL,PHX,91,97,21,11,23,8
400975212,2017-12-20,DAL,DET,110,93,14,17,23,9
400975245,2017-12-26,DAL,TOR,98,93,9,23,25,10
400975253,2017-12-27,IND,DAL,94,98,25,11,16,19
400975308,2018-01-03,DAL,GS,122,125,8,30,26,13
400975318,2018-01-05,DAL,CHI,124,127,25,14,27,13
400975333,2018-01-07,DAL,NY,96,100,21,19,28,13
400975373,2018-01-13,DAL,LAL,101,107,27,15,29,15
400975506,2018-01-31,PHX,DAL,102,88,36,16,34,18
400975529,2018-02-03,SAC,DAL,99,106,36,17,36,16
400975542,2018-02-05,LAC,DAL,104,101,37,17,25,27
400975561,2018-02-08,GS,DAL,121,103,38,17,13,42
400975576,2018-02-10,DAL,LAL,130,123,32,23,38,18
400975597,2018-02-13,DAL,SAC,109,114,38,18,40,18
400975629,2018-02-23,LAL,DAL,124,102,41,18,34,24
400975650,2018-02-26,DAL,IND,109,103,26,34,42,19
400975676,2018-03-02,CHI,DAL,108,100,44,19,41,21
400975755,2018-03-13,NY,DAL,97,110,46,22,44,24
400975777,2018-03-16,TOR,DAL,122,115,47,22,17,52
400975783,2018-03-17,BKN,DAL,114,106,48,22,48,22
400975859,2018-03-27,SAC,DAL,97,103,51,23,51,24
400975869,2018-03-28,LAL,DAL,103,93,52,23,41,33
400975895,2018-04-01,CLE,DAL,98,87,54,23,30,47
400975927,2018-04-06,DET,DAL,113,106,56,24,41,38
400975944,2018-04-08,PHI,DAL,109,97,57,24,30,50
400975962,2018-04-10,DAL,PHX,97,124,61,21,58,24
400974438,2017-10-17,GS,HOU,121,122,0,1,1,0
400974768,2017-10-18,SAC,HOU,100,105,0,2,1,0
400974783,2017-10-21,HOU,DAL,107,91,3,0,0,3
400974808,2017-10-25,PHI,HOU,104,105,1,4,4,1
400974846,2017-10-30,HOU,PHI,107,115,4,3,3,5
400974862,2017-11-01,NY,HOU,97,119,3,6,4,3
400974917,2017-11-09,HOU,CLE,117,113,7,5,3,9
400974941,2017-11-12,IND,HOU,95,118,3,11,8,6
400974953,2017-11-14,HOU,TOR,113,129,5,8,4,11
400974967,2017-11-16,PHX,HOU,116,142,4,12,11,5
400975033,2017-11-25,HOU,NY,117,102,9,10,4,15
400975045,2017-11-27,HOU,BKN,117,103,13,7,4,16
400975059,2017-11-29,HOU,IND,118,97,10,12,4,17
400975089,2017-12-03,LAL,HOU,95,118,4,18,15,8
400975184,2017-12-16,HOU,MIL,115,111,13,15,4,24
400975210,2017-12-20,HOU,LAL,116,122,18,11,5,25
400975226,2017-12-22,HOU,LAC,118,128,18,13,6,25
400975263,2017-12-28,BOS,HOU,99,98,8,25,10,29
400975286,2017-12-31,HOU,LAL,148,142,24,11,9,26
400975312,2018-01-04,HOU,GS,114,124,8,31,10,27
400975326,2018-01-06,DET,HOU,108,101,11,27,17,21
400975339,2018-01-08,CHI,HOU,107,116,11,28,27,14
400975372,2018-01-12,PHX,HOU,95,112,11,30,27,16
400975394,2018-01-15,LAC,HOU,113,102,12,30,21,22
400975425,2018-01-20,HOU,GS,116,108,10,37,12,32
400975452,2018-01-24,DAL,HOU,97,104,12,34,32,16
400975478,2018-01-28,HOU,PHX,113,102,33,17,13,35
400975525,2018-02-03,CLE,HOU,88,120,13,38,21,30
400975546,2018-02-06,BKN,HOU,113,123,13,39,36,19
400975583,2018-02-11,HOU,DAL,104,97,39,18,13,42
400975606,2018-02-14,HOU,SAC,100,91,39,18,13,44
400975667,2018-02-28,LAC,HOU,92,105,13,48,28,32
400975685,2018-03-03,HOU,BOS,123,120,20,44,13,49
400975714,2018-03-07,MIL,HOU,99,110,13,51,31,34
400975725,2018-03-09,TOR,HOU,108,105,14,51,17,48
400975743,2018-03-11,DAL,HOU,82,105,14,52,46,21
400975769,2018-03-15,HOU,LAC,101,96,30,37,14,54
400975820,2018-03-22,HOU,DET,100,96,40,32,14,58
400975857,2018-03-27,HOU,CHI,118,86,50,24,14,61
400975878,2018-03-30,HOU,PHX,104,103,58,19,14,62
400975964,2018-04-10,LAL,HOU,99,105,16,65,47,34
400975976,2018-04-11,SAC,HOU,96,83,17,65,55,27
400974784,2017-10-21,MEM,GS,111,101,2,1,0,2
400974794,2017-10-23,HOU,MEM,90,98,0,3,1,3
400974812,2017-10-25,DAL,MEM,103,94,1,3,4,1
400974817,2017-10-26,MEM,DAL,96,91,5,1,1,4
400974831,2017-10-28,MEM,HOU,103,89,2,5,1,5
400974882,2017-11-04,LAC,MEM,104,113,3,6,3,5
400974896,2017-11-05,LAL,MEM,107,102,4,6,5,5
400974931,2017-11-11,HOU,MEM,111,96,5,7,3,10
400974945,2017-11-13,MIL,MEM,110,103,6,7,6,7
400974959,2017-11-15,MEM,IND,113,116,8,7,7,7
400974983,2017-11-18,MEM,HOU,83,105,4,13,8,7
400975011,2017-11-22,MEM,DAL,94,95,15,4,10,7
400975040,2017-11-26,MEM,BKN,88,98,12,7,12,7
400975080,2017-12-02,CLE,MEM,116,111,15,7,7,16
400975108,2017-12-06,NY,MEM,99,88,16,8,12,12
400975122,2017-12-08,MEM,TOR,107,116,7,16,17,8
400975187,2017-12-16,MEM,BOS,93,102,7,25,21,9
400975215,2017-12-20,GS,MEM,97,84,22,9,6,25
400975220,2017-12-21,PHX,MEM,97,95,23,9,22,12
400975238,2017-12-23,MEM,LAC,115,112,19,13,23,10
400975250,2017-12-26,PHX,MEM,99,97,24,10,23,13
400975261,2017-12-27,LAL,MEM,99,109,24,11,22,11
400975281,2017-12-30,GS,MEM,141,128,25,11,8,29
400975289,2017-12-31,SAC,MEM,96,114,25,12,24,12
400975299,2018-01-02,LAC,MEM,113,105,26,12,19,17
400975391,2018-01-15,MEM,LAL,123,114,28,15,28,14
400975404,2018-01-17,MEM,NY,105,99,25,20,28,15
400975416,2018-01-19,MEM,SAC,106,88,32,13,28,16
400975436,2018-01-22,MEM,PHI,105,101,21,22,29,17
400975464,2018-01-26,MEM,LAC,100,109,24,24,31,17
400975486,2018-01-29,MEM,PHX,120,109,34,17,31,18
400975499,2018-01-31,IND,MEM,105,101,32,18,23,29
400975507,2018-02-01,DET,MEM,104,102,33,18,26,24
400975533,2018-02-04,TOR,MEM,101,86,34,18,16,36
400975624,2018-02-23,MEM,CLE,89,112,23,35,39,18
400975644,2018-02-26,BOS,MEM,109,98,41,18,19,43
400975664,2018-02-28,MEM,PHX,102,110,44,19,42,18
400975713,2018-03-07,CHI,MEM,119,110,46,18,42,22
400975735,2018-03-10,DAL,MEM,114,80,48,18,45,21
400975748,2018-03-12,MEM,MIL,103,121,31,36,49,18
400975770,2018-03-15,MEM,CHI,110,111,44,24,50,18
400975799,2018-03-19,BKN,MEM,118,115,51,19,48,23
400975812,2018-03-21,PHI,MEM,119,105,52,19,30,40
400975838,2018-03-24,MEM,LAL,93,100,40,32,54,19
400975934,2018-04-06,MEM,SAC,93,94,54,26,58,21
400975945,2018-04-08,MEM,DET,130,117,42,38,58,22
400974704,2017-10-18,MEM,NO,103,91,1,0,0,1
400974444,2017-10-20,NO,GS,120,128,1,1,2,0
400974791,2017-10-22,LAL,NO,112,119,2,1,2,1
400974820,2017-10-26,SAC,NO,106,114,3,2,4,1
400974828,2017-10-28,NO,CLE,123,101,3,3,3,3
400974876,2017-11-03,DAL,NO,94,99,5,4,9,1
400974884,2017-11-04,CHI,NO,90,96,5,5,6,2
400974901,2017-11-07,IND,NO,112,117,5,6,6,5
400974916,2017-11-09,TOR,NO,122,118,6,6,4,7
400974929,2017-11-11,NO,LAC,111,103,7,5,6,7
400974962,2017-11-15,NO,TOR,116,125,5,9,7,8
400975026,2017-11-24,PHX,NO,91,115,8,11,13,7
400975035,2017-11-25,GS,NO,110,95,9,11,5,15
400975097,2017-12-04,NO,GS,115,125,6,19,12,12
400975124,2017-12-08,NO,SAC,109,116,17,8,13,13
400975140,2017-12-10,NO,PHI,131,124,13,13,13,14
400975143,2017-12-11,HOU,NO,130,123,14,14,4,21
400975161,2017-12-13,NO,MIL,115,108,11,15,14,15
400975257,2017-12-27,NO,BKN,128,113,22,12,16,18
400975271,2017-12-29,NO,DAL,120,128,25,12,17,18
400975278,2017-12-30,NO,NY,103,105,18,18,18,18
400975341,2018-01-08,NO,DET,112,109,18,21,19,20
400975355,2018-01-10,MEM,NO,105,102,20,20,27,13
400975381,2018-01-14,NY,NO,118,123,20,22,24,19
400975396,2018-01-16,BOS,NO,113,116,20,23,11,34
400975423,2018-01-20,NO,MEM,111,104,29,16,21,24
400975438,2018-01-22,NO,CHI,132,128,29,18,21,25
400975466,2018-01-26,NO,HOU,115,113,13,34,21,27
400975479,2018-01-28,NO,LAC,103,112,24,25,22,27
400975495,2018-01-30,NO,SAC,103,114,34,16,23,27
400975564,2018-02-09,PHI,NO,100,82,26,28,25,27
400975572,2018-02-10,BKN,NO,128,138,26,29,38,19
400975587,2018-02-12,DET,NO,103,118,26,30,29,27
400975608,2018-02-14,NO,LAL,139,117,33,23,26,31
400975639,2018-02-25,MIL,NO,121,123,26,33,26,33
400975648,2018-02-26,NO,PHX,125,116,44,18,26,34
400975692,2018-03-04,DAL,NO,109,126,26,36,45,19
400975710,2018-03-06,LAC,NO,116,121,26,37,29,34
400975715,2018-03-07,SAC,NO,101,114,26,38,45,20
400975782,2018-03-17,NO,HOU,101,107,14,55,30,39
400975793,2018-03-18,NO,BOS,108,89,23,47,30,40
400975807,2018-03-20,NO,DAL,115,105,49,22,30,41
401019650,2018-03-21,NO,IND,96,92,31,41,30,42
400975821,2018-03-22,NO,LAL,128,125,40,31,30,43
400975837,2018-03-24,HOU,NO,114,91,31,43,14,59
400975877,2018-03-30,CLE,NO,107,102,33,43,30,46
400975919,2018-04-04,NO,MEM,123,95,57,21,34,44
400975935,2018-04-06,PHX,NO,103,122,34,45,60,20
400975941,2018-04-07,GS,NO,120,126,34,46,23,57
400975958,2018-04-09,LAC,NO,100,113,34,47,39,42
400974782,2017-10-21,CHI,SA,77,87,0,2,2,0
400974797,2017-10-23,SA,TOR,101,97,1,2,0,3
400974837,2017-10-29,IND,SA,97,94,2,4,3,3
400974843,2017-10-30,BOS,SA,108,94,3,4,2,5
400974868,2017-11-02,SA,GS,92,112,3,6,4,4
400974892,2017-11-05,SA,PHX,112,95,6,4,4,6
400974905,2017-11-07,SA,LAC,120,107,5,5,4,7
400974924,2017-11-10,SA,MIL,87,94,6,5,5,7
400974934,2017-11-11,SA,CHI,133,94,9,2,5,8
400974954,2017-11-14,DAL,SA,91,97,5,9,13,2
400975013,2017-11-22,NO,SA,107,90,7,11,8,10
400975046,2017-11-27,SA,DAL,115,108,16,5,7,13
400975062,2017-11-29,SA,MEM,104,95,13,7,7,14
400975074,2017-12-01,MEM,SA,79,95,7,15,14,7
400975099,2017-12-04,SA,DET,96,93,9,14,8,16
400975125,2017-12-08,SA,BOS,105,102,5,22,8,18
400975134,2017-12-09,PHX,SA,101,104,8,19,19,9
400975153,2017-12-12,DAL,SA,95,89,9,19,20,8
400975179,2017-12-15,HOU,SA,124,109,10,19,4,23
400975186,2017-12-16,SA,DAL,98,96,22,8,10,20
400975200,2017-12-18,SA,LAC,109,91,18,11,10,21
400975243,2017-12-23,SAC,SA,99,108,11,23,21,11
400975248,2017-12-26,SA,BKN,109,97,21,12,11,24
400975265,2017-12-28,SA,NY,119,107,18,17,11,25
400975276,2017-12-30,DET,SA,93,79,12,25,15,20
400975296,2018-01-02,NY,SA,91,100,12,26,19,18
400975301,2018-01-03,PHI,SA,112,106,13,26,19,18
400975319,2018-01-05,SA,PHX,103,89,26,15,13,27
400975342,2018-01-08,SAC,SA,100,107,14,28,26,13
400975363,2018-01-11,LAL,SA,93,81,15,28,27,14
400975401,2018-01-17,BKN,SA,95,100,16,30,29,16
400975413,2018-01-19,TOR,SA,86,83,17,30,13,31
400975432,2018-01-21,SA,IND,86,94,22,25,18,30
400975444,2018-01-23,SA,CLE,114,102,19,27,18,31
400975453,2018-01-24,MEM,SA,85,108,18,32,30,17
400975468,2018-01-26,SA,PHI,78,97,21,24,19,32
400975483,2018-01-28,SA,SAC,113,98,34,15,19,33
400975510,2018-02-01,SA,HOU,91,102,13,37,20,34
400975556,2018-02-07,PHX,SA,81,129,21,35,38,18
400975577,2018-02-10,GS,SA,122,105,22,35,13,43
400975640,2018-02-25,CLE,SA,94,110,25,36,24,35
400975666,2018-02-28,SA,NO,116,121,26,35,26,36
400975686,2018-03-03,SA,LAL,112,116,34,28,27,36
400975700,2018-03-05,SA,MEM,100,98,45,18,27,37
400975722,2018-03-08,GS,SA,110,107,28,37,14,51
400975747,2018-03-12,HOU,SA,109,93,30,37,14,53
400975771,2018-03-15,SA,NO,98,93,29,39,30,39
400975802,2018-03-19,SA,GS,89,75,18,53,30,41
400975841,2018-03-25,MIL,SA,106,103,31,43,34,39
400975891,2018-04-01,SA,HOU,100,83,15,62,32,45
400975914,2018-04-03,LAC,SA,113,110,33,45,36,42
400975920,2018-04-04,LAL,SA,122,112,34,45,44,34
400975956,2018-04-09,SA,SAC,98,85,55,26,34,47
400975972,2018-04-11,NO,SA,122,98,35,47,34,48
400974705,2017-10-18,DAL,ATL,111,117,0,1,1,0
400974789,2017-10-22,BKN,ATL,116,104,2,1,1,2
400974816,2017-10-26,CHI,ATL,91,86,4,1,3,1
400974836,2017-10-29,ATL,MIL,106,117,2,4,6,1
400974858,2017-11-01,PHI,ATL,119,109,7,1,4,4
400974874,2017-11-03,ATL,HOU,104,119,3,7,8,1
400974887,2017-11-05,CLE,ATL,115,117,8,2,6,4
400974897,2017-11-06,ATL,BOS,107,110,2,9,9,2
400974920,2017-11-10,DET,ATL,111,104,10,2,3,9
400974946,2017-11-13,NO,ATL,106,105,12,2,6,8
400974955,2017-11-15,ATL,SAC,126,80,11,3,12,3
400974981,2017-11-18,ATL,BOS,99,110,2,15,13,3
400975001,2017-11-20,SA,ATL,96,85,14,3,6,11
400975007,2017-11-22,ATL,LAC,103,116,11,6,15,3
400975019,2017-11-24,ATL,NY,116,104,8,10,15,4
400975031,2017-11-25,ATL,TOR,78,112,7,12,16,4
400975064,2017-11-30,ATL,CLE,114,121,7,15,17,4
400975079,2017-12-02,BKN,ATL,102,114,17,5,14,8
400975093,2017-12-04,ATL,BKN,90,110,14,9,18,5
400975141,2017-12-10,NY,ATL,111,107,20,6,13,13
400975148,2017-12-12,CLE,ATL,123,114,21,6,8,20
400975164,2017-12-14,ATL,DET,91,105,13,15,22,6
400975176,2017-12-15,MEM,ATL,96,94,23,6,20,9
400975206,2017-12-20,ATL,IND,95,105,14,18,24,7
400975235,2017-12-23,ATL,DAL,112,107,25,9,25,8
400975268,2017-12-29,TOR,ATL,111,98,26,9,10,24
400975297,2018-01-02,PHX,ATL,104,103,27,10,24,15
400975336,2018-01-07,LAL,ATL,132,113,29,10,27,12
400975344,2018-01-08,LAC,ATL,108,107,30,10,21,18
400975367,2018-01-12,ATL,BKN,105,110,26,16,31,11
400975387,2018-01-15,ATL,SA,102,99,16,29,31,12
400975400,2018-01-17,ATL,NO,94,93,21,23,31,13
400975421,2018-01-20,ATL,CHI,97,113,28,18,32,13
400975451,2018-01-24,ATL,TOR,93,108,14,32,33,14
400975513,2018-02-02,BOS,ATL,119,110,37,15,15,38
400975532,2018-02-04,NY,ATL,96,99,37,16,31,23
400975545,2018-02-06,ATL,MEM,108,82,35,18,37,17
400975565,2018-02-09,ATL,CLE,107,123,22,32,39,17
400975580,2018-02-11,ATL,DET,118,115,28,27,39,18
400975594,2018-02-13,MIL,ATL,97,92,40,18,24,32
400975599,2018-02-14,DET,ATL,104,98,41,18,29,28
400975620,2018-02-23,IND,ATL,116,93,42,18,25,34
400975643,2018-02-26,ATL,LAL,104,123,34,26,43,18
400975661,2018-02-28,ATL,IND,107,102,27,34,43,19
400975674,2018-03-02,ATL,GS,109,114,14,49,44,19
400975689,2018-03-04,ATL,PHX,113,112,46,19,44,20
400975704,2018-03-06,TOR,ATL,106,90,45,20,17,46
400975724,2018-03-09,IND,ATL,112,87,46,20,28,38
400975739,2018-03-11,ATL,CHI,122,129,43,23,47,20
400975787,2018-03-17,MIL,ATL,122,117,50,20,32,37
400975823,2018-03-22,SAC,ATL,105,90,51,21,49,24
400975833,2018-03-23,GS,ATL,106,94,52,21,18,54
400975847,2018-03-25,HOU,ATL,118,99,53,21,14,60
400975876,2018-03-30,ATL,PHI,91,101,30,45,55,21
400975948,2018-04-08,BOS,ATL,106,112,57,24,26,54
400975960,2018-04-10,ATL,PHI,113,121,30,51,58,24
400974700,2017-10-18,DET,CHA,102,90,1,0,0,1
400974770,2017-10-20,CHA,ATL,109,91,1,1,1,1
400974795,2017-10-23,MIL,CHA,103,94,2,1,1,3
400974821,2017-10-27,CHA,HOU,93,109,1,5,3,2
400974847,2017-10-30,MEM,CHA,99,104,3,4,2,5
400974856,2017-11-01,CHA,MIL,126,121,4,4,3,5
400974877,2017-11-03,SA,CHA,108,101,4,5,4,5
400974903,2017-11-07,NY,CHA,118,113,6,5,4,6
400974921,2017-11-10,BOS,CHA,90,87,7,5,2,11
400974958,2017-11-15,CHA,CLE,107,115,7,8,8,5
400974973,2017-11-17,CHI,CHA,123,120,9,5,10,3
400974979,2017-11-18,CHA,LAC,102,87,10,5,9,6
400975021,2017-11-24,CLE,CHA,100,99,10,8,7,12
400975028,2017-11-25,CHA,SA,86,106,7,12,11,8
400975058,2017-11-29,TOR,CHA,126,113,12,8,7,13
400975109,2017-12-06,CHA,GS,87,101,6,20,14,9
400975118,2017-12-08,CHA,CHI,111,119,20,4,15,9
400975128,2017-12-09,CHA,LAL,99,110,15,10,16,9
400975163,2017-12-13,HOU,CHA,108,96,17,10,4,22
400975192,2017-12-18,CHA,NY,109,91,14,16,19,11
400975205,2017-12-20,CHA,TOR,111,129,8,21,20,11
400975227,2017-12-22,MIL,CHA,109,104,21,11,13,17
400975232,2017-12-23,CHA,MIL,111,106,14,17,21,12
400975252,2017-12-27,CHA,BOS,91,102,10,28,22,12
400975274,2017-12-29,GS,CHA,100,111,22,13,8,28
400975288,2017-12-31,LAC,CHA,106,98,23,13,19,16
400975298,2018-01-02,SAC,CHA,111,131,23,14,25,12
400975323,2018-01-05,LAL,CHA,94,108,23,15,27,11
400975349,2018-01-10,CHA,DAL,111,115,28,15,24,15
400975384,2018-01-15,DET,CHA,107,118,25,17,20,22
400975433,2018-01-22,CHA,SAC,112,107,33,13,26,19
400975447,2018-01-24,CHA,NO,96,101,21,26,27,19
400975460,2018-01-26,CHA,ATL,121,110,34,14,27,20
400975484,2018-01-29,IND,CHA,105,96,29,20,23,28
400975501,2018-01-31,ATL,CHA,110,123,29,21,36,15
400975512,2018-02-02,CHA,IND,133,126,24,29,29,22
400975535,2018-02-04,PHX,CHA,110,115,29,23,36,18
400975579,2018-02-11,CHA,TOR,103,123,16,39,33,23
400975613,2018-02-22,CHA,BKN,111,96,41,19,33,25
400975638,2018-02-25,CHA,DET,114,98,31,28,33,27
400975653,2018-02-27,CHA,CHI,118,103,41,20,33,28
400975662,2018-02-28,BOS,CHA,134,106,34,28,19,44
400975673,2018-03-02,PHI,CHA,110,99,35,28,27,34
400975690,2018-03-04,TOR,CHA,103,98,36,28,17,45
400975703,2018-03-06,CHA,PHI,114,128,28,35,37,28
400975718,2018-03-08,CHA,BKN,111,125,45,21,38,28
400975733,2018-03-10,CHA,PHX,122,115,49,19,38,29
400975757,2018-03-13,NO,CHA,119,115,39,29,28,39
400975767,2018-03-15,ATL,CHA,117,129,39,30,49,20
400975784,2018-03-17,NY,CHA,124,101,40,30,45,25
400975798,2018-03-19,PHI,CHA,108,94,41,30,30,39
400975813,2018-03-21,BKN,CHA,105,111,41,31,49,23
400975818,2018-03-22,CHA,MEM,140,79,53,19,41,32
400975839,2018-03-24,DAL,CHA,98,102,41,33,51,22
400975849,2018-03-26,CHA,NY,137,128,48,27,41,34
400975862,2018-03-28,CHA,CLE,105,118,30,45,42,34
400975889,2018-04-01,CHA,PHI,102,119,30,46,44,34
400975906,2018-04-03,CHI,CHA,120,114,45,34,51,27
400975943,2018-04-08,CHA,IND,117,123,33,48,46,35
400975959,2018-04-10,IND,CHA,93,119,46,36,34,48
400974780,2017-10-21,MIA,IND,112,108,2,1,1,1
400974793,2017-10-23,MIA,ATL,104,93,3,1,1,2
400974810,2017-10-25,MIA,SA,100,117,0,4,2,2
400974829,2017-10-28,MIA,BOS,90,96,2,4,3,2
400974861,2017-11-01,MIA,CHI,97,91,5,1,4,3
400974888,2017-11-05,LAC,MIA,101,104,5,4,4,5
400974899,2017-11-06,GS,MIA,97,80,6,4,3,8
400974913,2017-11-08,PHX,MIA,115,126,6,5,8,4
400974940,2017-11-12,DET,MIA,112,103,7,6,3,10
400974986,2017-11-19,MIA,IND,95,120,8,9,9,7
400975008,2017-11-22,MIA,BOS,104,98,3,16,9,8
400975038,2017-11-26,CHI,MIA,93,100,9,10,15,3
400975049,2017-11-28,CLE,MIA,108,97,10,10,7,14
400975057,2017-11-29,NY,MIA,115,86,11,10,10,11
400975072,2017-12-01,MIA,CHA,105,100,13,8,11,11
400975086,2017-12-03,MIA,GS,95,123,6,18,12,11
400975112,2017-12-06,SA,MIA,117,105,13,11,8,17
400975127,2017-12-09,BKN,MIA,89,101,13,12,15,10
400975144,2017-12-11,MEM,MIA,82,107,13,13,19,8
400975169,2017-12-15,CHA,MIA,98,104,14,14,18,10
400975183,2017-12-16,MIA,LAC,90,85,17,11,14,15
400975194,2017-12-18,ATL,MIA,110,104,15,15,23,7
400975207,2017-12-20,BOS,MIA,89,90,15,16,8,26
400975225,2017-12-22,MIA,DAL,113,101,24,9,15,17
400975237,2017-12-23,MIA,NO,94,109,16,17,16,17
400975269,2017-12-29,MIA,BKN,87,111,22,13,17,18
400975304,2018-01-03,MIA,DET,111,104,16,20,17,20
400975314,2018-01-05,MIA,NY,107,103,21,18,17,21
400975345,2018-01-09,TOR,MIA,89,90,17,23,11,28
400975350,2018-01-10,IND,MIA,106,114,17,24,20,21
400975380,2018-01-14,MIA,MIL,97,79,20,22,17,25
400975390,2018-01-15,CHI,MIA,119,111,18,25,27,17
400975405,2018-01-17,MIL,MIA,101,106,18,26,21,23
400975414,2018-01-19,BKN,MIA,101,95,19,26,29,17
400975422,2018-01-20,CHA,MIA,105,106,19,27,26,18
400975435,2018-01-22,HOU,MIA,99,90,20,27,12,33
400975456,2018-01-25,MIA,SAC,88,89,33,15,21,27
400975473,2018-01-27,MIA,CHA,95,91,28,20,21,28
400975488,2018-01-29,DAL,MIA,88,95,21,29,35,16
400975503,2018-01-31,CLE,MIA,91,89,22,29,20,30
400975516,2018-02-02,PHI,MIA,103,97,23,29,24,25
400975522,2018-02-03,DET,MIA,111,107,24,29,26,25
400975552,2018-02-07,MIA,HOU,101,109,13,40,26,29
400975567,2018-02-09,MIA,MIL,91,85,24,30,26,30
400975593,2018-02-13,TOR,MIA,115,112,27,30,16,40
400975601,2018-02-14,PHI,MIA,104,102,28,30,25,30
400975625,2018-02-23,NO,MIA,124,123,29,30,26,32
400975631,2018-02-24,MIA,MEM,115,89,40,18,29,31
400975655,2018-02-27,MIA,PHI,102,101,27,32,29,32
400975668,2018-03-01,MIA,LAL,113,131,34,27,30,32
400975684,2018-03-03,MIA,DET,105,96,34,29,30,33
400975698,2018-03-05,MIA,PHX,125,103,47,19,30,34
400975719,2018-03-08,MIA,PHI,108,99,29,35,31,35
400975764,2018-03-14,SAC,MIA,123,119,33,36,47,22
400975780,2018-03-16,LAL,MIA,91,92,33,37,38,31
400975814,2018-03-21,MIA,NY,119,98,46,26,33,39
400975842,2018-03-25,IND,MIA,113,107,35,39,31,43
400975856,2018-03-27,MIA,CLE,98,79,30,44,35,40
400975871,2018-03-29,MIA,CHI,103,92,51,24,35,41
400975887,2018-03-31,MIA,BKN,109,110,51,25,36,41
400975904,2018-04-03,MIA,ATL,101,98,56,22,36,42
400975918,2018-04-04,ATL,MIA,86,115,36,43,57,22
400975932,2018-04-06,NY,MIA,122,98,37,43,51,28
400975967,2018-04-11,MIA,TOR,116,109,23,59,38,44
400974702,2017-10-18,ORL,MIA,116,109,1,0,0,1
400974774,2017-10-20,BKN,ORL,126,121,1,1,1,1
400974779,2017-10-21,CLE,ORL,93,114,1,2,1,2
400974801,2017-10-24,ORL,BKN,125,121,2,2,1,3
400974822,2017-10-27,ORL,SA,114,87,1,4,1,4
400974839,2017-10-29,CHA,ORL,120,113,2,4,3,3
400974848,2017-10-30,NO,ORL,99,115,2,5,4,3
400974863,2017-11-01,MEM,ORL,99,101,2,6,3,5
400974871,2017-11-03,ORL,CHI,83,105,5,2,3,6
400974889,2017-11-05,ORL,BOS,88,104,2,8,4,6
400974911,2017-11-08,ORL,NY,112,99,5,6,4,7
400974925,2017-11-10,PHX,ORL,112,128,4,8,9,4
400974950,2017-11-13,GS,ORL,110,100,6,8,3,11
400974994,2017-11-20,ORL,IND,97,105,8,10,9,8
400975020,2017-11-24,BOS,ORL,118,103,11,8,3,17
400975029,2017-11-25,PHI,ORL,130,111,12,8,7,11
400975041,2017-11-27,IND,ORL,121,109,13,8,9,12
400975069,2017-12-01,ORL,GS,112,133,6,17,14,9
400975085,2017-12-03,NY,ORL,100,105,14,10,11,11
400975090,2017-12-04,CHA,ORL,104,94,15,10,13,9
400975106,2017-12-06,ORL,ATL,110,106,19,5,15,11
400975129,2017-12-09,ATL,ORL,117,110,17,11,19,6
400975156,2017-12-13,ORL,LAC,95,106,15,11,18,11
400975189,2017-12-17,DET,ORL,114,110,20,11,13,17
400975209,2017-12-20,CHI,ORL,112,94,21,11,20,10
400975223,2017-12-22,ORL,NO,97,111,16,16,22,11
400975246,2017-12-26,MIA,ORL,107,89,24,11,16,18
400975262,2017-12-28,ORL,DET,102,89,15,19,24,12
400975277,2017-12-30,ORL,MIA,111,117,17,19,25,12
400975291,2018-01-01,BKN,ORL,98,95,26,12,23,14
400975300,2018-01-03,ORL,HOU,98,116,9,27,27,12
400975328,2018-01-06,ORL,CLE,127,131,13,26,28,12
400975347,2018-01-09,DAL,ORL,114,99,29,12,28,14
400975356,2018-01-10,MIL,ORL,110,103,30,12,18,22
400975410,2018-01-18,CLE,ORL,104,103,32,13,17,27
400975429,2018-01-21,BOS,ORL,95,103,32,14,13,34
400975442,2018-01-23,ORL,SAC,99,105,33,14,33,14
400975471,2018-01-27,IND,ORL,114,112,34,14,23,27
400975494,2018-01-30,HOU,ORL,114,107,35,14,13,36
400975500,2018-01-31,ORL,LAL,127,105,31,19,35,15
400975538,2018-02-05,MIA,ORL,109,111,36,16,25,29
400975543,2018-02-06,ORL,CLE,116,98,22,30,36,17
400975557,2018-02-08,ORL,ATL,100,98,38,17,36,18
400975573,2018-02-10,ORL,MIL,104,111,24,31,37,18
400975590,2018-02-12,CHI,ORL,105,101,38,18,36,20
400975600,2018-02-14,ORL,CHA,102,104,33,24,39,18
400975614,2018-02-22,ORL,NY,113,120,36,24,40,18
400975630,2018-02-24,PHI,ORL,116,105,41,18,25,32
400975660,2018-02-28,ORL,TOR,104,117,17,43,43,18
400975672,2018-03-02,ORL,DET,115,106,33,29,43,19
400975682,2018-03-03,ORL,MEM,107,100,44,18,43,20
400975717,2018-03-07,LAL,ORL,108,107,45,20,35,29
400975731,2018-03-09,SAC,ORL,94,88,46,20,45,21
400975737,2018-03-10,LAC,ORL,113,105,47,20,29,36
400975758,2018-03-13,SA,ORL,108,72,48,20,30,38
400975762,2018-03-14,ORL,MIL,126,117,32,36,48,21
400975775,2018-03-16,ORL,BOS,83,92,22,47,49,21
400975804,2018-03-20,ORL,TOR,86,93,18,53,50,21
400975819,2018-03-22,ORL,PHI,98,118,30,41,51,21
400975836,2018-03-24,ORL,PHX,105,99,55,19,51,22
400975863,2018-03-28,ORL,BKN,104,111,51,24,52,22
400975875,2018-03-30,ORL,CHI,82,90,51,25,53,22
400975893,2018-04-01,ATL,ORL,94,88,54,22,55,22
400975905,2018-04-03,NY,ORL,73,97,54,23,51,27
400975916,2018-04-04,ORL,DAL,105,100,55,24,54,24
400975928,2018-04-06,ORL,CHA,100,137,45,35,55,24
400975946,2018-04-08,TOR,ORL,112,101,56,24,22,58
400975954,2018-04-09,MIL,ORL,102,86,57,24,37,44
400974439,2017-10-18,WSH,PHI,120,115,1,0,0,1
400974773,2017-10-20,WSH,DET,115,111,1,1,0,2
400974815,2017-10-25,LAL,WSH,102,99,1,3,2,2
400974826,2017-10-27,GS,WSH,120,117,2,3,2,4
400974840,2017-10-29,SAC,WSH,83,110,2,4,5,1
400974859,2017-11-01,WSH,PHX,116,122,4,4,3,4
400974873,2017-11-03,WSH,CLE,122,130,5,4,4,4
400974890,2017-11-05,TOR,WSH,96,107,4,5,4,5
400974902,2017-11-07,WSH,DAL,99,113,10,2,5,5
400974915,2017-11-09,WSH,LAL,111,95,7,5,5,6
400974928,2017-11-11,WSH,ATL,113,94,11,2,5,7
400974943,2017-11-13,WSH,SAC,110,92,10,3,5,8
400974956,2017-11-15,MIA,WSH,93,102,5,9,8,6
400974969,2017-11-17,WSH,MIA,88,91,8,7,6,9
400974988,2017-11-19,TOR,WSH,100,91,7,9,5,11
400974998,2017-11-20,MIL,WSH,88,99,7,10,8,8
400975004,2017-11-22,CHA,WSH,129,124,8,10,9,8
400975056,2017-11-29,PHI,WSH,118,113,10,11,8,12
400975071,2017-12-01,WSH,DET,109,91,7,14,10,12
400975115,2017-12-07,PHX,WSH,99,109,11,14,18,9
400975126,2017-12-09,LAC,WSH,113,112,12,14,15,9
400975151,2017-12-12,BKN,WSH,103,98,13,14,15,11
400975157,2017-12-13,WSH,MEM,93,87,20,8,13,15
400975173,2017-12-15,WSH,LAC,100,91,16,11,13,16
400975191,2017-12-17,WSH,CLE,99,106,8,23,14,16
400975203,2017-12-19,WSH,NO,116,106,16,15,14,17
400975224,2017-12-22,BKN,WSH,119,84,15,17,19,12
400975234,2017-12-23,WSH,ORL,130,103,23,11,15,18
400974447,2017-12-25,BOS,WSH,103,111,15,19,10,27
400975254,2017-12-27,ATL,WSH,113,99,16,19,25,9
400975267,2017-12-29,WSH,HOU,121,103,9,25,16,20
400975283,2017-12-31,WSH,CHI,114,110,23,13,16,21
400975302,2018-01-03,WSH,NY,121,103,20,18,16,22
400975321,2018-01-05,MEM,WSH,100,102,16,23,27,12
400975329,2018-01-06,WSH,MIL,103,110,17,21,17,23
400975366,2018-01-12,WSH,ORL,125,119,31,12,18,24
400975376,2018-01-13,WSH,BKN,119,113,27,16,18,25
400975386,2018-01-15,WSH,MIL,95,104,20,23,19,25
400975399,2018-01-17,CHA,WSH,133,109,20,25,25,18
400975415,2018-01-19,DET,WSH,112,122,20,26,22,22
400975439,2018-01-22,DAL,WSH,98,75,21,26,31,16
400975472,2018-01-27,ATL,WSH,104,129,22,27,35,14
400975508,2018-02-01,WSH,TOR,122,119,16,34,22,29
400975524,2018-02-03,ORL,WSH,98,115,22,30,36,15
400975537,2018-02-05,IND,WSH,102,111,22,31,25,30
400975548,2018-02-06,PHI,WSH,115,102,23,31,25,26
400975559,2018-02-08,WSH,BOS,104,110,16,40,24,31
400975575,2018-02-10,CHI,WSH,90,101,24,32,36,19
400975603,2018-02-14,NY,WSH,113,118,24,33,36,23
400975615,2018-02-22,CLE,WSH,103,110,24,34,23,34
400975621,2018-02-23,WSH,CHA,105,122,33,26,25,34
400975641,2018-02-25,WSH,PHI,109,94,26,32,25,35
400975656,2018-02-27,MIL,WSH,104,107,25,36,27,33
400975663,2018-02-28,WSH,GS,101,109,14,48,26,36
400975675,2018-03-02,WSH,TOR,95,102,17,44,27,36
400975691,2018-03-04,WSH,IND,95,98,27,36,28,36
400975705,2018-03-06,WSH,MIA,117,113,31,34,28,37
400975728,2018-03-09,NO,WSH,97,116,28,38,27,38
400975734,2018-03-10,MIA,WSH,129,102,29,38,31,36
400975763,2018-03-14,BOS,WSH,124,125,30,39,22,46
400975781,2018-03-17,WSH,IND,109,102,30,40,30,40
400975817,2018-03-21,SA,WSH,98,90,31,40,30,42
400975844,2018-03-25,WSH,NY,97,101,47,27,33,40
400975854,2018-03-27,WSH,SA,116,106,32,43,33,41
400975870,2018-03-29,DET,WSH,103,92,34,41,40,35
400975884,2018-03-31,WSH,CHA,107,93,43,34,34,42
400975890,2018-04-01,CHI,WSH,113,94,35,42,51,26
400975907,2018-04-03,HOU,WSH,120,104,36,42,15,63
400975922,2018-04-05,CLE,WSH,119,115,37,42,30,49
400975930,2018-04-06,WSH,ATL,97,103,57,23,38,42
400975961,2018-04-10,WSH,BOS,113,101,27,54,38,43
400975968,2018-04-11,ORL,WSH,101,92,39,43,57,25
400974786,2017-10-21,DEN,SAC,96,79,2,1,1,1
400974798,2017-10-23,DEN,WSH,104,109,0,3,2,1
400974806,2017-10-25,CHA,DEN,110,93,3,1,2,2
400974823,2017-10-27,ATL,DEN,100,105,3,2,5,1
400974838,2017-10-29,BKN,DEN,111,124,3,3,4,3
400974845,2017-10-30,NY,DEN,116,110,4,3,3,3
400974865,2017-11-01,DEN,TOR,129,111,3,4,4,4
400974878,2017-11-03,DEN,MIA,95,94,5,3,4,5
400974886,2017-11-04,DEN,GS,108,127,3,7,5,5
400974906,2017-11-07,DEN,BKN,112,104,7,4,5,6
400974936,2017-11-11,DEN,ORL,125,107,5,8,5,8
400974977,2017-11-17,DEN,NO,146,114,8,8,6,9
400974991,2017-11-19,LAL,DEN,127,109,7,9,10,7
400975002,2017-11-20,SAC,DEN,98,114,7,10,13,4
400975010,2017-11-22,HOU,DEN,125,95,8,10,4,14
400975025,2017-11-24,DEN,MEM,104,92,11,7,8,11
400975066,2017-11-30,DEN,CHI,111,110,17,3,9,12
400975083,2017-12-02,DEN,LAL,115,100,14,8,9,13
400975098,2017-12-04,DAL,DEN,122,105,10,13,17,7
400975111,2017-12-06,NO,DEN,123,114,11,13,12,13
400975121,2017-12-08,ORL,DEN,89,103,11,14,16,11
400975138,2017-12-10,IND,DEN,126,116,12,14,11,16
400975149,2017-12-12,DET,DEN,84,103,12,15,13,14
400975158,2017-12-13,BOS,DEN,124,118,13,15,6,24
400975178,2017-12-15,DEN,NO,117,111,15,15,13,16
400975240,2017-12-23,GS,DEN,81,96,15,18,7,26
400975282,2017-12-30,DEN,PHI,102,107,19,16,17,19
400975309,2018-01-03,DEN,PHX,134,111,25,15,17,20
400975331,2018-01-06,SAC,DEN,106,98,18,21,25,13
400975343,2018-01-08,GS,DEN,124,114,19,21,8,33
400975358,2018-01-10,DEN,ATL,97,110,30,11,20,21
400975371,2018-01-12,DEN,MEM,87,78,28,13,20,22
400975379,2018-01-13,SA,DEN,112,80,21,22,15,29
400975397,2018-01-16,DEN,DAL,105,102,30,15,21,23
400975408,2018-01-17,LAC,DEN,109,104,22,23,21,23
400975417,2018-01-19,DEN,PHX,100,108,29,17,23,23
400975458,2018-01-25,DEN,NY,130,118,28,21,23,25
400975476,2018-01-27,DEN,DAL,91,89,34,16,23,26
400975489,2018-01-29,DEN,BOS,110,111,15,36,24,26
400975496,2018-01-30,SA,DEN,106,104,25,26,19,34
400975528,2018-02-03,DEN,GS,115,108,12,41,25,28
400975540,2018-02-05,DEN,CHA,121,104,30,23,25,29
400975569,2018-02-09,HOU,DEN,130,104,26,29,13,41
400975578,2018-02-10,PHX,DEN,113,123,26,30,39,18
400975598,2018-02-13,DEN,SA,117,109,24,35,26,31
400975611,2018-02-15,MIL,DEN,123,134,26,32,25,32
400975626,2018-02-23,DEN,SA,122,119,25,35,26,33
400975642,2018-02-25,DEN,HOU,114,119,13,46,27,33
400975658,2018-02-27,DEN,LAC,120,122,27,32,28,33
400975677,2018-03-02,MEM,DEN,102,108,28,34,43,18
400975683,2018-03-03,CLE,DEN,117,126,28,35,26,36
400975707,2018-03-06,DAL,DEN,118,107,29,35,45,20
400975716,2018-03-07,DEN,CLE,108,113,26,38,30,35
400975729,2018-03-09,DEN,LAL,125,116,36,29,30,36
400975742,2018-03-11,DEN,SAC,130,104,46,21,30,37
400975761,2018-03-13,LAL,DEN,112,103,31,37,36,31
400975772,2018-03-15,DEN,DET,120,113,38,30,31,38
400975786,2018-03-17,MEM,DEN,101,94,32,38,50,19
400975800,2018-03-19,MIA,DEN,149,141,33,38,33,38
400975815,2018-03-21,CHI,DEN,102,135,33,39,47,24
400975825,2018-03-23,WSH,DEN,100,108,33,40,32,40
400975851,2018-03-26,PHI,DEN,123,104,34,40,30,43
400975855,2018-03-27,TOR,DEN,114,110,35,40,20,55
400975898,2018-04-01,DEN,MIL,128,125,36,41,35,42
400975911,2018-04-03,DEN,IND,107,104,32,46,35,43
400975937,2018-04-07,LAC,DEN,115,134,35,45,38,42
400974440,2017-10-18,SA,MIN,107,99,1,0,0,1
400974803,2017-10-24,MIN,IND,107,130,2,2,2,2
400974807,2017-10-25,DET,MIN,122,101,3,2,2,3
400974844,2017-10-30,MIA,MIN,122,125,3,4,4,2
400974864,2017-11-01,NO,MIN,98,104,3,5,5,3
400974885,2017-11-04,MIN,DAL,112,99,10,1,3,6
400974894,2017-11-05,MIN,CHA,112,94,5,5,3,7
400974914,2017-11-08,GS,MIN,125,101,4,7,3,9
400974937,2017-11-11,PHX,MIN,118,110,5,7,9,5
400974961,2017-11-15,MIN,SA,98,86,6,9,5,9
400974975,2017-11-17,DAL,MIN,87,111,5,10,14,2
400974989,2017-11-19,MIN,DET,97,100,5,11,6,10
400974992,2017-11-20,CHA,MIN,118,102,7,10,9,7
400975012,2017-11-22,MIN,ORL,124,118,10,8,7,11
400975023,2017-11-24,MIN,MIA,97,109,9,9,8,11
400975039,2017-11-26,MIN,PHX,119,108,14,7,8,12
400975051,2017-11-28,MIN,WSH,89,92,9,11,9,12
400975060,2017-11-29,NO,MIN,102,120,9,13,10,11
400975087,2017-12-03,MIN,LAC,112,106,14,8,10,14
400975096,2017-12-04,MEM,MIN,95,92,11,14,15,8
400975113,2017-12-06,LAC,MIN,107,113,11,15,15,8
400975139,2017-12-10,MIN,DAL,97,92,20,7,11,16
400975152,2017-12-12,MIN,PHI,112,118,13,14,12,16
400975167,2017-12-14,MIN,SAC,119,96,19,9,12,17
400975185,2017-12-16,MIN,PHX,106,108,21,10,13,17
400975213,2017-12-20,DEN,MIN,104,112,13,19,15,16
400975241,2017-12-23,PHX,MIN,106,115,13,20,23,12
400974449,2017-12-25,LAL,MIN,104,121,13,21,21,11
400975256,2017-12-27,MIN,DEN,128,125,16,19,13,22
400975264,2017-12-28,MIL,MIN,102,96,14,22,15,18
400975284,2017-12-31,IND,MIN,90,107,14,23,18,19
400975294,2018-01-01,MIN,LAL,114,96,25,11,14,24
400975303,2018-01-03,BKN,MIN,98,97,15,24,23,15
400975316,2018-01-05,BOS,MIN,91,84,16,24,10,32
400975330,2018-01-06,MIN,NO,116,98,19,19,16,25
400975340,2018-01-08,MIN,CLE,127,99,14,26,16,26
400975369,2018-01-12,MIN,NY,118,108,23,19,16,28
400975395,2018-01-16,ORL,MIN,108,102,17,29,31,13
400975411,2018-01-18,HOU,MIN,116,98,18,29,12,31
400975426,2018-01-20,MIN,TOR,115,109,14,31,18,30
400975441,2018-01-22,LAC,MIN,118,126,18,31,23,23
400975459,2018-01-25,GS,MIN,126,113,20,31,10,39
400975475,2018-01-27,MIN,BKN,111,97,32,18,20,32
400975485,2018-01-29,ATL,MIN,105,100,21,32,35,15
400975492,2018-01-30,TOR,MIN,109,104,22,32,15,34
400975509,2018-02-01,MIN,MIL,108,89,23,27,22,33
400975526,2018-02-03,MIN,NO,118,107,24,28,22,34
400975553,2018-02-07,CLE,MIN,140,138,23,34,22,31
400975568,2018-02-09,CHI,MIN,114,113,24,34,35,19
400975584,2018-02-11,MIN,SAC,111,106,38,17,24,35
400975595,2018-02-13,MIN,HOU,108,126,13,43,25,35
400975612,2018-02-15,MIN,LAL,119,111,34,23,25,36
400975623,2018-02-23,HOU,MIN,120,102,26,36,13,45
400975634,2018-02-24,MIN,CHI,122,104,39,20,26,37
400975652,2018-02-26,SAC,MIN,100,118,26,38,42,18
400975720,2018-03-08,MIN,BOS,109,117,20,46,29,38
400975740,2018-03-11,MIN,GS,109,103,16,51,29,39
400975752,2018-03-13,WSH,MIN,111,116,29,40,30,38
400975788,2018-03-17,SA,MIN,117,101,30,40,30,40
400975794,2018-03-18,MIN,HOU,120,129,14,56,31,40
400975806,2018-03-20,MIN,LAC,123,109,33,37,31,41
400975827,2018-03-23,NY,MIN,104,108,31,42,47,26
400975834,2018-03-24,PHI,MIN,120,108,32,42,30,42
400975852,2018-03-26,MIN,MEM,93,101,54,20,33,42
400975866,2018-03-28,MIN,ATL,126,114,54,21,33,43
400975880,2018-03-30,DAL,MIN,92,93,33,44,53,23
400975926,2018-04-05,DEN,MIN,100,96,35,44,35,44
400975936,2018-04-06,LAL,MIN,96,113,35,45,45,34
400975955,2018-04-09,MIN,MEM,113,94,59,22,35,46
400975971,2018-04-11,MIN,DEN,112,106,36,46,35,47
400974441,2017-10-19,OKC,NY,105,84,1,0,0,1
400974790,2017-10-22,OKC,MIN,113,115,1,2,2,1
400974811,2017-10-25,OKC,IND,114,96,3,2,2,2
400974825,2017-10-27,MIN,OKC,119,116,3,2,3,3
400974830,2017-10-28,CHI,OKC,69,101,3,3,4,1
400974854,2017-10-31,MIL,OKC,91,110,3,4,3,4
400974880,2017-11-03,OKC,BOS,94,101,2,7,4,4
400974909,2017-11-07,SAC,OKC,94,86,6,4,8,2
400974919,2017-11-09,DEN,OKC,102,94,7,4,5,7
400974923,2017-11-10,OKC,LAC,120,111,6,5,7,5
400974942,2017-11-12,OKC,DAL,112,99,12,2,7,6
400974963,2017-11-15,OKC,CHI,92,79,10,2,7,7
400974974,2017-11-17,SA,OKC,104,101,8,7,6,10
400974999,2017-11-20,NO,OKC,114,107,9,7,8,9
400975014,2017-11-22,OKC,GS,108,91,5,13,9,8
400975024,2017-11-24,OKC,DET,98,99,6,12,10,8
400975034,2017-11-25,DAL,OKC,97,81,11,8,15,5
400975055,2017-11-29,ORL,OKC,121,108,12,8,13,9
400975075,2017-12-01,OKC,MIN,111,107,10,13,12,9
400975088,2017-12-03,OKC,SA,90,87,8,15,12,10
400975116,2017-12-07,BKN,OKC,100,95,13,11,14,10
400975133,2017-12-09,MEM,OKC,101,102,13,12,18,8
400975145,2017-12-11,OKC,CHA,103,116,16,10,14,12
400975155,2017-12-13,IND,OKC,95,100,14,13,12,16
400975172,2017-12-15,PHI,OKC,117,119,14,14,14,14
400975182,2017-12-16,NY,OKC,111,96,15,14,13,16
400975198,2017-12-18,OKC,DEN,95,94,14,16,15,15
400975228,2017-12-22,OKC,ATL,120,117,25,7,15,17
400974448,2017-12-25,OKC,HOU,112,107,7,25,15,19
400975258,2017-12-27,OKC,TOR,124,107,10,23,15,20
400975272,2017-12-29,OKC,MIL,95,97,15,19,16,20
400975287,2017-12-31,OKC,DAL,113,116,25,13,17,20
400975311,2018-01-03,LAL,OKC,96,133,17,21,26,11
400975313,2018-01-04,LAC,OKC,117,127,17,22,20,17
400975334,2018-01-07,PHX,OKC,114,100,18,22,26,16
400975357,2018-01-10,MIN,OKC,104,88,20,22,16,27
400975375,2018-01-13,CHA,OKC,91,101,20,23,25,16
400975389,2018-01-15,OKC,SAC,95,88,30,13,20,24
400975406,2018-01-17,OKC,LAL,114,90,29,15,20,25
400975420,2018-01-20,CLE,OKC,124,148,20,26,18,27
400975443,2018-01-23,OKC,BKN,109,108,30,18,20,27
400975457,2018-01-25,OKC,WSH,121,112,22,26,20,28
400975470,2018-01-27,DET,OKC,108,121,20,29,25,22
400975482,2018-01-28,OKC,PHI,122,112,22,24,20,30
400975490,2018-01-30,WSH,OKC,102,96,21,30,22,28
400975511,2018-02-01,DEN,OKC,127,124,22,30,25,27
400975518,2018-02-02,OKC,NO,100,114,23,28,23,30
400975534,2018-02-04,OKC,LAL,104,108,31,21,24,30
400975549,2018-02-06,GS,OKC,105,125,24,31,13,41
400975562,2018-02-08,LAL,OKC,106,81,25,31,31,23
400975585,2018-02-11,OKC,MEM,110,92,37,18,25,32
400975596,2018-02-13,OKC,CLE,112,120,22,34,26,32
400975607,2018-02-14,MEM,OKC,114,121,26,33,38,18
400975617,2018-02-22,SAC,OKC,107,110,26,34,40,18
400975633,2018-02-24,GS,OKC,112,80,27,34,14,46
400975649,2018-02-26,OKC,ORL,112,105,42,18,27,35
400975665,2018-02-28,DAL,OKC,110,111,27,36,43,19
400975679,2018-03-02,PHX,OKC,116,124,27,37,45,19
400975706,2018-03-06,OKC,HOU,112,122,13,50,29,37
400975721,2018-03-08,OKC,PHX,115,87,48,19,29,38
400975736,2018-03-10,OKC,SA,104,94,29,37,29,39
400975749,2018-03-12,OKC,SAC,106,101,47,21,29,40
400975753,2018-03-13,ATL,OKC,107,119,29,41,48,20
400975778,2018-03-16,OKC,LAC,121,113,31,37,29,42
400975792,2018-03-18,TOR,OKC,125,132,29,43,18,52
400975805,2018-03-20,BOS,OKC,100,99,30,43,23,48
400975830,2018-03-23,OKC,MIA,105,99,34,39,30,44
400975872,2018-03-29,SA,OKC,103,99,32,44,32,44
400975879,2018-03-30,OKC,DEN,125,126,35,41,33,44
400975896,2018-04-01,NO,OKC,104,109,33,45,34,43
400975909,2018-04-03,OKC,GS,107,111,21,57,34,45
400975940,2018-04-07,HOU,OKC,102,108,34,46,16,64
400975952,2018-04-09,MIA,OKC,93,115,34,47,38,43
400975973,2018-04-11,OKC,MEM,137,123,60,22,34,48
400974767,2017-10-18,PHX,POR,76,124,0,1,1,0
400974771,2017-10-20,IND,POR,96,114,0,2,1,1
400974785,2017-10-21,MIL,POR,113,110,1,2,1,2
400974804,2017-10-24,POR,NO,103,93,3,1,1,3
400974819,2017-10-26,POR,LAC,103,104,0,4,2,3
400974834,2017-10-28,POR,PHX,114,107,4,2,2,4
400974850,2017-10-30,POR,TOR,85,99,2,4,3,4
400974869,2017-11-02,POR,LAL,113,110,5,3,4,5
400974895,2017-11-05,POR,OKC,103,99,5,4,4,6
400974908,2017-11-07,POR,MEM,97,98,4,7,5,6
400974927,2017-11-10,POR,BKN,97,101,7,5,6,6
400974949,2017-11-13,POR,DEN,99,82,6,8,6,7
400974964,2017-11-15,POR,ORL,99,94,7,8,6,8
400974976,2017-11-17,SAC,POR,86,82,7,8,11,4
400974985,2017-11-18,POR,SAC,102,90,12,4,7,9
400974997,2017-11-20,MEM,POR,92,100,7,10,9,7
400975006,2017-11-22,PHI,POR,101,81,8,10,7,10
400975018,2017-11-24,BKN,POR,125,127,8,11,12,6
400975030,2017-11-25,WSH,POR,105,108,8,12,9,10
400975044,2017-11-27,NY,POR,91,103,8,13,10,10
400975067,2017-11-30,POR,MIL,91,103,9,11,9,13
400975084,2017-12-02,POR,NO,116,123,11,12,10,13
400975103,2017-12-05,POR,WSH,92,106,11,13,11,13
400975135,2017-12-09,POR,HOU,117,124,4,20,12,13
400975146,2017-12-11,GS,POR,111,104,13,13,6,22
400975159,2017-12-13,MIA,POR,95,102,13,14,14,13
400975171,2017-12-15,ORL,POR,88,95,13,15,19,11
400975180,2017-12-16,CHA,POR,91,93,13,16,19,10
400975197,2017-12-18,MIN,POR,108,107,14,16,13,18
400975214,2017-12-20,POR,SA,91,93,10,22,15,16
400975229,2017-12-22,POR,DEN,85,102,15,17,16,16
400975242,2017-12-23,LAL,POR,92,95,16,17,20,11
400975266,2017-12-28,POR,PHI,114,110,19,15,16,18
400975279,2017-12-30,ATL,POR,104,89,17,18,26,10
400975293,2018-01-01,CHI,POR,120,124,17,19,24,13
400975295,2018-01-02,CLE,POR,127,110,18,19,12,25
400975322,2018-01-05,POR,ATL,110,89,28,10,18,20
400975335,2018-01-07,POR,SA,111,110,14,27,18,21
400975346,2018-01-09,OKC,POR,106,117,18,22,19,22
400975354,2018-01-10,HOU,POR,121,112,19,22,11,29
400975370,2018-01-12,NO,POR,119,113,20,22,20,21
400975383,2018-01-14,MIN,POR,120,103,21,22,16,29
400975398,2018-01-16,POR,PHX,118,111,29,16,21,23
400975412,2018-01-18,POR,IND,100,86,21,24,21,24
400975428,2018-01-20,POR,DAL,117,108,31,15,21,25
400975440,2018-01-22,DEN,POR,104,101,22,25,23,24
400975454,2018-01-24,POR,MIN,123,114,19,31,22,26
400975467,2018-01-26,DAL,POR,93,107,22,27,33,16
400975498,2018-01-30,LAC,POR,96,104,22,28,25,25
400975505,2018-01-31,POR,CHI,124,108,33,18,22,29
400975515,2018-02-02,TOR,POR,130,105,23,29,16,35
400975530,2018-02-04,BOS,POR,97,96,24,29,15,39
400975536,2018-02-05,DET,POR,111,91,25,29,26,26
400975560,2018-02-08,POR,CHA,109,103,31,23,25,30
400975571,2018-02-09,SAC,POR,100,118,25,31,37,17
400975610,2018-02-14,POR,GS,123,117,14,44,26,32
400975635,2018-02-24,PHX,POR,104,106,26,34,43,18
400975657,2018-02-27,POR,SAC,116,99,43,18,26,35
400975671,2018-03-01,POR,MIN,108,99,27,38,26,36
400975687,2018-03-03,POR,OKC,108,100,28,37,26,37
400975702,2018-03-05,LAL,POR,103,108,26,38,35,28
400975708,2018-03-06,POR,NY,111,87,41,24,26,39
400975730,2018-03-09,POR,GS,125,108,15,51,26,40
400975750,2018-03-12,POR,MIA,115,99,32,36,26,41
400975774,2018-03-15,POR,CLE,113,105,29,39,26,42
400975791,2018-03-17,POR,DET,100,87,39,30,26,43
400975795,2018-03-18,LAC,POR,109,122,26,44,32,37
400975810,2018-03-20,POR,HOU,111,115,14,57,27,44
400975832,2018-03-23,POR,BOS,100,105,23,49,28,44
400975846,2018-03-25,OKC,POR,105,108,28,45,31,44
400975858,2018-03-27,NO,POR,103,107,28,46,32,43
400975865,2018-03-28,MEM,POR,108,103,29,46,54,21
400975883,2018-03-30,POR,LAC,105,96,35,41,29,47
400975900,2018-04-01,POR,MEM,113,98,56,21,29,48
400975910,2018-04-03,DAL,POR,115,109,30,48,54,24
400975923,2018-04-05,HOU,POR,96,94,31,48,15,64
400975942,2018-04-07,SA,POR,116,105,32,48,34,46
400975957,2018-04-09,DEN,POR,88,82,33,48,35,46
400974766,2017-10-18,UTA,DEN,106,96,1,0,0,1
400974775,2017-10-20,MIN,UTA,100,97,1,1,1,1
400974787,2017-10-21,UTA,OKC,96,87,1,1,1,2
400974805,2017-10-24,LAC,UTA,102,84,2,2,0,3
400974813,2017-10-25,PHX,UTA,97,88,3,2,3,2
400974833,2017-10-28,UTA,LAL,96,81,4,2,3,3
400974849,2017-10-30,UTA,DAL,104,89,7,1,3,4
400974866,2017-11-01,UTA,POR,112,103,4,4,3,5
400974879,2017-11-03,UTA,TOR,100,109,3,5,4,5
400974891,2017-11-05,HOU,UTA,137,110,5,5,3,8
400974907,2017-11-07,UTA,PHI,97,104,4,6,6,5
400974926,2017-11-10,UTA,MIA,74,84,6,6,7,5
400974938,2017-11-11,UTA,BKN,114,106,8,5,7,6
400974948,2017-11-13,UTA,MIN,98,109,5,8,8,6
400974957,2017-11-15,NY,UTA,106,101,9,6,6,8
400974970,2017-11-17,BKN,UTA,118,107,10,6,9,6
400974980,2017-11-18,ORL,UTA,85,125,10,7,8,8
400974995,2017-11-20,PHI,UTA,107,86,11,7,7,9
400975016,2017-11-22,UTA,CHI,110,80,13,3,11,8
400975036,2017-11-25,UTA,MIL,121,108,9,9,11,9
400975052,2017-11-28,UTA,DEN,106,77,9,11,11,10
400975068,2017-11-30,LAC,UTA,107,126,11,11,12,8
400975076,2017-12-01,UTA,NO,114,108,11,11,11,12
400975100,2017-12-04,UTA,WSH,116,69,11,12,11,13
400975102,2017-12-05,OKC,UTA,100,94,12,13,12,11
400975117,2017-12-07,UTA,HOU,101,112,4,19,13,13
400975132,2017-12-09,MIL,UTA,117,100,14,13,10,15
400975160,2017-12-13,CHI,UTA,103,100,15,13,20,7
400975174,2017-12-15,BOS,UTA,95,107,15,14,7,24
400975181,2017-12-16,CLE,UTA,109,100,16,14,8,22
400975196,2017-12-18,HOU,UTA,120,99,17,14,4,25
400975211,2017-12-20,OKC,UTA,107,79,18,14,15,16
400975221,2017-12-21,UTA,SA,100,89,11,22,18,15
400975239,2017-12-23,UTA,OKC,89,103,15,18,19,15
400975249,2017-12-26,DEN,UTA,107,83,20,15,15,19
400975260,2017-12-27,GS,UTA,126,101,21,15,7,28
400975280,2017-12-30,UTA,CLE,104,101,12,24,21,16
400975310,2018-01-03,UTA,NO,98,108,18,19,22,16
400975320,2018-01-05,DEN,UTA,99,91,23,16,17,21
400975332,2018-01-07,MIA,UTA,103,102,24,16,17,22
400975351,2018-01-10,WSH,UTA,104,107,24,17,18,23
400975364,2018-01-12,CHA,UTA,99,88,25,17,24,16
400975393,2018-01-15,UTA,IND,94,109,20,24,26,17
400975407,2018-01-17,SAC,UTA,105,120,26,18,31,13
400975418,2018-01-19,UTA,NY,115,117,25,21,27,18
400975427,2018-01-20,UTA,LAC,125,113,22,23,27,19
400975434,2018-01-22,ATL,UTA,104,90,28,19,32,14
400975448,2018-01-24,DET,UTA,95,98,28,20,24,22
400975462,2018-01-26,TOR,UTA,93,97,28,21,15,32
400975497,2018-01-30,UTA,GS,129,99,11,40,28,22
400975519,2018-02-02,PHX,UTA,97,129,28,23,35,18
400975527,2018-02-03,SA,UTA,111,120,28,24,21,34
400975539,2018-02-05,NO,UTA,109,133,28,25,25,28
400975554,2018-02-07,MEM,UTA,88,92,28,26,36,18
400975570,2018-02-09,UTA,CHA,106,94,32,23,28,27
400975586,2018-02-11,POR,UTA,96,115,28,28,26,31
400975591,2018-02-12,UTA,SA,101,99,23,35,28,29
400975609,2018-02-14,UTA,PHX,107,97,41,18,28,30
400975628,2018-02-23,UTA,POR,81,100,26,33,29,30
400975636,2018-02-24,UTA,DAL,97,90,42,18,29,31
400975651,2018-02-26,UTA,HOU,85,96,13,47,30,31
400975680,2018-03-02,UTA,MIN,116,108,28,38,30,32
400975688,2018-03-03,SAC,UTA,91,98,30,33,44,19
400975701,2018-03-05,UTA,ORL,94,80,44,20,30,34
400975711,2018-03-07,IND,UTA,84,104,30,35,28,37
400975726,2018-03-09,MEM,UTA,78,95,30,36,47,18
400975741,2018-03-11,NO,UTA,99,116,30,37,28,38
400975759,2018-03-13,UTA,DET,110,79,37,30,30,38
400975773,2018-03-15,UTA,PHX,116,88,51,19,30,39
400975789,2018-03-17,UTA,SAC,103,97,48,23,30,40
400975808,2018-03-20,UTA,ATL,94,99,50,21,31,40
400975822,2018-03-22,DAL,UTA,112,119,31,41,50,22
400975831,2018-03-23,SA,UTA,124,120,32,41,30,43
400975848,2018-03-25,GS,UTA,91,110,32,42,19,54
400975867,2018-03-28,UTA,BOS,94,97,23,52,33,42
400975881,2018-03-30,UTA,MEM,107,97,55,21,33,43
400975897,2018-04-01,MIN,UTA,97,121,33,44,34,44
400975912,2018-04-03,UTA,LAL,117,110,44,33,33,45
400975925,2018-04-05,UTA,LAC,117,95,37,42,33,46
400975947,2018-04-08,LAL,UTA,97,112,33,47,46,34
400975963,2018-04-10,UTA,GS,119,79,24,58,33,48
400975975,2018-04-11,POR,UTA,102,93,34,48,33,49
