id,away_losses,away_wins,home_losses,home_wins
400974437,1,0,0,1
400974438,0,1,1,0
400974439,1,0,0,1
400974440,1,0,0,1
400974441,1,0,0,1
400974442,0,1,1,0
400974443,0,2,1,1
400974444,1,1,2,0
400974445,18,15,16,17
400974446,10,24,7,27
400974447,15,19,10,27
400974448,7,25,15,19
400974449,13,21,21,11
400974700,1,0,0,1
400974701,1,0,0,1
400974702,1,0,0,1
400974703,0,1,2,0
400974704,1,0,0,1
400974705,0,1,1,0
400974766,1,0,0,1
400974767,0,1,1,0
400974768,0,2,1,0
400974769,1,0,0,1
400974770,1,1,1,1
400974771,0,2,1,1
400974772,2,1,2,0
400974773,1,1,0,2
400974774,1,1,1,1
400974775,1,1,1,1
400974776,1,1,2,0
400974777,1,1,2,0
400974778,3,0,0,2
400974779,1,2,1,2
400974780,2,1,1,1
400974781,1,2,2,0
400974782,0,2,2,0
400974783,3,0,0,3
400974784,2,1,0,2
400974785,1,2,1,2
400974786,2,1,1,1
400974787,1,1,1,2
400974788,3,0,0,2
400974789,2,1,1,2
400974790,1,2,2,1
400974791,2,1,2,1
400974792,3,1,2,2
400974793,3,1,1,2
400974794,0,3,1,3
400974795,2,1,1,3
400974796,2,2,4,0
400974797,1,2,0,3
400974798,0,3,2,1
400974799,3,1,3,1
400974800,3,0,1,3
400974801,2,2,1,3
400974802,3,0,2,2
400974803,2,2,2,2
400974804,3,1,1,3
400974805,2,2,0,3
400974806,3,1,2,2
400974807,3,2,2,3
400974808,1,4,4,1
400974809,2,3,2,3
400974810,0,4,2,2
400974811,3,2,2,2
400974812,1,3,4,1
400974813,3,2,3,2
400974814,2,2,2,3
400974815,1,3,2,2
400974816,4,1,3,1
400974817,5,1,1,4
400974818,2,3,2,3
400974819,0,4,2,3
400974820,3,2,4,1
400974821,1,5,3,2
400974822,1,4,1,4
400974823,3,2,5,1
400974824,3,3,3,1
400974825,3,2,3,3
400974826,2,3,2,4
400974827,2,3,3,2
400974828,3,3,3,3
400974829,2,4,3,2
400974830,3,3,4,1
400974831,2,5,1,5
400974832,4,2,6,1
400974833,4,2,3,3
400974834,4,2,2,4
400974835,2,4,1,4
400974836,2,4,6,1
400974837,2,4,3,3
400974838,3,3,4,3
400974839,2,4,3,3
400974840,2,4,5,1
400974841,3,2,4,3
400974842,2,5,3,4
400974843,3,4,2,5
400974844,3,4,4,2
400974845,4,3,3,3
400974846,4,3,3,5
400974847,3,4,2,5
400974848,2,5,4,3
400974849,7,1,3,4
400974850,2,4,3,4
400974851,3,5,2,4
400974852,6,1,3,4
400974853,4,3,5,3
400974854,3,4,3,4
400974855,3,5,4,3
400974856,4,4,3,5
400974857,3,5,5,3
400974858,7,1,4,4
400974859,4,4,3,4
400974860,7,1,2,6
400974861,5,1,4,3
400974862,3,6,4,3
400974863,2,6,3,5
400974864,3,5,5,3
400974865,3,4,4,4
400974866,4,4,3,5
400974867,8,1,2,5
400974868,3,6,4,4
400974869,5,3,4,5
400974870,5,4,3,6
400974871,5,2,3,6
400974872,4,5,4,5
400974873,5,4,4,4
400974874,3,7,8,1
400974875,5,4,4,4
400974876,5,4,9,1
400974877,4,5,4,5
400974878,5,3,4,5
400974879,3,5,4,5
400974880,2,7,4,4
400974881,6,3,5,4
400974882,3,6,3,5
400974883,8,1,3,7
400974884,5,5,6,2
400974885,10,1,3,6
400974886,3,7,5,5
400974887,8,2,6,4
400974888,5,4,4,5
400974889,2,8,4,6
400974890,4,5,4,5
400974891,5,5,3,8
400974892,6,4,4,6
400974893,5,5,4,5
400974894,5,5,3,7
400974895,5,4,4,6
400974896,4,6,5,5
400974897,2,9,9,2
400974898,6,4,7,4
400974899,6,4,3,8
400974900,6,4,6,5
400974901,5,6,6,5
400974902,10,2,5,5
400974903,6,5,4,6
400974904,7,2,4,6
400974905,5,5,4,7
400974906,7,4,5,6
400974907,4,6,6,5
400974908,4,7,5,6
400974909,6,4,8,2
400974910,7,5,3,8
400974911,5,6,4,7
400974912,6,5,2,10
400974913,6,5,8,4
400974914,4,7,3,9
400974915,7,5,5,6
400974916,6,6,4,7
400974917,7,5,3,9
400974918,5,6,8,3
400974919,7,4,5,7
400974920,10,2,3,9
400974921,7,5,2,11
400974922,7,6,8,2
400974923,6,5,7,5
400974924,6,5,5,7
400974925,4,8,9,4
400974926,6,6,7,5
400974927,7,5,6,6
400974928,11,2,5,7
400974929,7,5,6,7
400974930,9,3,5,7
400974931,5,7,3,10
400974932,7,6,11,2
400974933,8,5,6,6
400974934,9,2,5,8
400974935,6,6,3,10
400974936,5,8,5,8
400974937,5,7,9,5
400974938,8,5,7,6
400974939,5,7,2,12
400974940,7,6,3,10
400974941,3,11,8,6
400974942,12,2,7,6
400974943,10,3,5,8
400974944,7,7,6,7
400974945,6,7,6,7
400974946,12,2,6,8
400974947,8,6,10,5
400974948,5,8,8,6
400974949,6,8,6,7
400974950,6,8,3,11
400974951,6,7,8,5
400974952,2,13,9,5
400974953,5,8,4,11
400974954,5,9,13,2
400974955,11,3,12,3
400974956,5,9,8,6
400974957,9,6,6,8
400974958,7,8,8,5
400974959,8,7,7,7
400974960,4,10,6,8
400974961,6,9,5,9
400974962,5,9,7,8
400974963,10,2,7,7
400974964,7,8,6,8
400974965,6,8,9,6
400974966,4,11,2,14
400974967,4,12,11,5
400974968,5,10,8,8
400974969,8,7,6,9
400974970,10,6,9,6
400974971,9,5,7,9
400974972,7,8,5,10
400974973,9,5,10,3
400974974,8,7,6,10
400974975,5,10,14,2
400974976,7,8,11,4
400974977,8,8,6,9
400974978,11,6,10,6
400974979,10,5,9,6
400974980,10,7,8,8
400974981,2,15,13,3
400974982,4,12,7,8
400974983,4,13,8,7
400974984,7,8,14,3
400974985,12,4,7,9
400974986,8,9,9,7
400974987,4,13,10,6
400974988,7,9,5,11
400974989,5,11,6,10
400974990,11,3,11,7
400974991,7,9,10,7
400974992,7,10,9,7
400974993,7,10,6,11
400974994,8,10,9,8
400974995,11,7,7,9
400974996,11,5,7,9
400974997,7,10,9,7
400974998,7,10,8,8
400974999,9,7,8,9
400975000,2,16,15,3
400975001,14,3,6,11
400975002,7,10,13,4
400975003,12,3,10,8
400975004,8,10,9,8
400975005,11,6,7,11
400975006,8,10,7,10
400975007,11,6,15,3
400975008,3,16,9,8
400975009,6,11,7,10
400975010,8,10,4,14
400975011,15,4,10,7
400975012,10,8,7,11
400975013,7,11,8,10
400975014,5,13,9,8
400975015,8,9,12,7
400975016,13,3,11,8
400975017,11,8,13,5
400975018,8,11,12,6
400975019,8,10,15,4
400975020,11,8,3,17
400975021,10,8,7,12
400975022,7,11,8,11
400975023,9,9,8,11
400975024,6,12,10,8
400975025,11,7,8,11
400975026,8,11,13,7
400975027,14,3,5,14
400975028,7,12,11,8
400975029,12,8,7,11
400975030,8,12,9,10
400975031,7,12,16,4
400975032,3,18,9,11
400975033,9,10,4,15
400975034,11,8,15,5
400975035,9,11,5,15
400975036,9,9,11,9
400975037,11,7,14,5
400975038,9,10,15,3
400975039,14,7,8,12
400975040,12,7,12,7
400975041,13,8,9,12
400975042,7,13,8,11
400975043,6,13,4,18
400975044,8,13,10,10
400975045,13,7,4,16
400975046,16,5,7,13
400975047,14,6,6,15
400975048,12,8,11,8
400975049,10,10,7,14
400975050,14,8,16,3
400975051,9,11,9,12
400975052,9,11,11,10
400975053,9,10,15,6
400975054,15,8,6,14
400975055,12,8,13,9
400975056,10,11,8,12
400975057,11,10,10,11
400975058,12,8,7,13
400975059,10,12,4,17
400975060,9,13,10,11
400975061,13,8,17,5
400975062,13,7,7,14
400975063,6,16,13,8
400975064,7,15,17,4
400975065,9,12,4,19
400975066,17,3,9,12
400975067,9,11,9,13
400975068,11,11,12,8
400975069,6,17,14,9
400975070,11,12,7,14
400975071,7,14,10,12
400975072,13,8,11,11
400975073,15,7,18,3
400975074,7,15,14,7
400975075,10,13,12,9
400975076,11,11,11,12
400975077,16,8,4,20
400975078,13,8,17,6
400975079,17,5,14,8
400975080,15,7,7,16
400975081,8,14,9,13
400975082,16,7,9,12
400975083,14,8,9,13
400975084,11,12,10,13
400975085,14,10,11,11
400975086,6,18,12,11
400975087,14,8,10,14
400975088,8,15,12,10
400975089,4,18,15,8
400975090,15,10,13,9
400975091,12,11,11,13
400975092,16,9,10,13
400975093,14,9,18,5
400975094,10,12,4,21
400975095,7,17,19,3
400975096,11,14,15,8
400975097,6,19,12,12
400975098,10,13,17,7
400975099,9,14,8,16
400975100,11,12,11,13
400975101,17,9,7,15
400975102,12,13,12,11
400975103,11,13,11,13
400975104,17,7,7,18
400975105,20,3,11,14
400975106,19,5,15,11
400975107,18,7,4,22
400975108,16,8,12,12
400975109,6,20,14,9
400975110,10,14,10,13
400975111,11,13,12,13
400975112,13,11,8,17
400975113,11,15,15,8
400975114,15,9,11,13
400975115,11,14,18,9
400975116,13,11,14,10
400975117,4,19,13,13
400975118,20,4,15,9
400975119,6,21,11,14
400975120,8,18,11,15
400975121,11,14,16,11
400975122,7,16,17,8
400975123,19,7,10,14
400975124,17,8,13,13
400975125,5,22,8,18
400975126,12,14,15,9
400975127,13,12,15,10
400975128,15,10,16,9
400975129,17,11,19,6
400975130,12,13,8,19
400975131,13,12,20,5
400975132,14,13,10,15
400975133,13,12,18,8
400975134,8,19,19,9
400975135,4,20,12,13
400975136,7,17,18,8
400975137,5,23,12,14
400975138,12,14,11,16
400975139,20,7,11,16
400975140,13,13,13,14
400975141,20,6,13,13
400975142,6,23,20,6
400975143,14,14,4,21
400975144,13,13,19,8
400975145,16,10,14,12
400975146,13,13,6,22
400975147,8,17,15,10
400975148,21,6,8,20
400975149,12,15,13,14
400975150,16,10,13,14
400975151,13,14,15,11
400975152,13,14,12,16
400975153,9,19,20,8
400975154,20,9,18,9
400975155,14,13,12,16
400975156,15,11,18,11
400975157,20,8,13,15
400975158,13,15,6,24
400975159,13,14,14,13
400975160,15,13,20,7
400975161,11,15,14,15
400975162,8,18,21,9
400975163,17,10,4,22
400975164,13,15,22,6
400975165,13,15,16,11
400975166,17,10,8,21
400975167,19,9,12,17
400975168,21,8,6,23
400975169,14,14,18,10
400975170,13,16,13,16
400975171,13,15,19,11
400975172,14,14,14,14
400975173,16,11,13,16
400975174,15,14,7,24
400975175,17,11,8,19
400975176,23,6,20,9
400975177,20,8,12,15
400975178,15,15,13,16
400975179,10,19,4,23
400975180,13,16,19,10
400975181,16,14,8,22
400975182,15,14,13,16
400975183,17,11,14,15
400975184,13,15,4,24
400975185,21,10,13,17
400975186,22,8,10,20
400975187,7,25,21,9
400975188,20,9,8,20
400975189,20,11,13,17
400975190,13,17,18,11
400975191,8,23,14,16
400975192,14,16,19,11
400975193,7,26,14,17
400975194,15,15,23,7
400975195,15,14,20,9
400975196,17,14,4,25
400975197,14,16,13,18
400975198,14,16,15,15
400975199,21,11,23,8
400975200,18,11,10,21
400975201,6,24,18,10
400975202,20,10,16,14
400975203,16,15,14,17
400975204,9,23,13,16
400975205,8,21,20,11
400975206,14,18,24,7
400975207,15,16,8,26
400975208,20,11,19,11
400975209,21,11,20,10
400975210,18,11,5,25
400975211,18,14,15,16
400975212,14,17,23,9
400975213,13,19,15,16
400975214,10,22,15,16
400975215,22,9,6,25
400975216,22,11,18,12
400975217,21,10,9,24
400975218,8,22,17,14
400975219,9,26,14,17
400975220,23,9,22,12
400975221,11,22,18,15
400975222,15,17,14,18
400975223,16,16,22,11
400975224,15,17,19,12
400975225,24,9,15,17
400975226,18,13,6,25
400975227,21,11,13,17
400975228,25,7,15,17
400975229,15,17,16,16
400975230,19,11,6,26
400975231,18,14,8,23
400975232,14,17,21,12
400975233,20,12,14,19
400975234,23,11,15,18
400975235,25,9,25,8
400975236,22,10,9,27
400975237,16,17,16,17
400975238,19,13,23,10
400975239,15,18,19,15
400975240,15,18,7,26
400975241,13,20,23,12
400975242,16,17,20,11
400975243,11,23,21,11
400975244,15,19,14,19
400975245,9,23,25,10
400975246,24,11,16,18
400975247,22,11,15,17
400975248,21,12,11,24
400975249,20,15,15,19
400975250,24,10,23,13
400975251,22,11,19,14
400975252,10,28,22,12
400975253,25,11,16,19
400975254,16,19,25,9
400975255,17,17,22,12
400975256,16,19,13,22
400975257,22,12,16,18
400975258,10,23,15,20
400975259,11,24,22,12
400975260,21,15,7,28
400975261,24,11,22,11
400975262,15,19,24,12
400975263,8,25,10,29
400975264,14,22,15,18
400975265,18,17,11,25
400975266,19,15,16,18
400975267,9,25,16,20
400975268,26,9,10,24
400975269,22,13,17,18
400975270,17,19,22,13
400975271,25,12,17,18
400975272,15,19,16,20
400975273,23,14,23,12
400975274,22,13,8,28
400975275,19,15,23,11
400975276,12,25,15,20
400975277,17,19,25,12
400975278,18,18,18,18
400975279,17,18,26,10
400975280,12,24,21,16
400975281,25,11,8,29
400975282,19,16,17,19
400975283,23,13,16,21
400975284,14,23,18,19
400975285,23,13,10,30
400975286,24,11,9,26
400975287,25,13,17,20
400975288,23,13,19,16
400975289,25,12,24,12
400975290,19,17,24,14
400975291,26,12,23,14
400975292,16,19,10,25
400975293,17,19,24,13
400975294,25,11,14,24
400975295,18,19,12,25
400975296,12,26,19,18
400975297,27,10,24,15
400975298,23,14,25,12
400975299,26,12,19,17
400975300,9,27,27,12
400975301,13,26,19,18
400975302,20,18,16,22
400975303,15,24,23,15
400975304,16,20,17,20
400975305,13,25,10,31
400975306,10,26,25,13
400975307,19,19,16,20
400975308,8,30,26,13
400975309,25,15,17,20
400975310,18,19,22,16
400975311,17,21,26,11
400975312,8,31,10,27
400975313,17,22,20,17
400975314,21,18,17,21
400975315,17,20,19,19
400975316,16,24,10,32
400975317,10,27,17,20
400975318,25,14,27,13
400975319,26,15,13,27
400975320,23,16,17,21
400975321,16,23,27,12
400975322,28,10,18,20
400975323,23,15,27,11
400975324,8,32,21,17
400975325,10,33,24,15
400975326,11,27,17,21
400975327,26,14,19,20
400975328,13,26,28,12
400975329,17,21,17,23
400975330,19,19,16,25
400975331,18,21,25,13
400975332,24,16,17,22
400975333,21,19,28,13
400975334,18,22,26,16
400975335,14,27,18,21
400975336,29,10,27,12
400975337,18,21,19,21
400975338,10,28,25,15
400975339,11,28,27,14
400975340,14,26,16,26
400975341,18,21,19,20
400975342,14,28,26,13
400975343,19,21,8,33
400975344,30,10,21,18
400975345,17,23,11,28
400975346,18,22,19,22
400975347,29,12,28,14
400975348,27,13,27,13
400975349,28,15,24,15
400975350,17,24,20,21
400975351,24,17,18,23
400975352,18,22,26,15
400975353,27,15,22,19
400975354,19,22,11,29
400975355,20,20,27,13
400975356,30,12,18,22
400975357,20,22,16,27
400975358,30,11,20,21
400975359,21,19,9,33
400975360,10,34,20,19
400975361,15,26,11,29
400975362,21,20,28,13
400975363,15,28,27,14
400975364,25,17,24,16
400975365,16,26,20,22
400975366,31,12,18,24
400975367,26,16,31,11
400975368,9,34,19,22
400975369,23,19,16,28
400975370,20,22,20,21
400975371,28,13,20,22
400975372,11,30,27,16
400975373,27,15,29,15
400975374,29,13,21,21
400975375,20,23,25,16
400975376,27,16,18,25
400975377,9,35,12,29
400975378,19,22,27,16
400975379,21,22,15,29
400975380,20,22,17,25
400975381,20,22,24,19
400975382,20,23,28,16
400975383,21,22,16,29
400975384,25,17,20,22
400975385,13,29,20,20
400975386,20,23,19,25
400975387,16,29,31,12
400975388,24,20,28,16
400975389,30,13,20,24
400975390,18,25,27,17
400975391,28,15,28,14
400975392,9,36,17,26
400975393,20,24,26,17
400975394,12,30,21,22
400975395,17,29,31,13
400975396,20,23,11,34
400975397,30,15,21,23
400975398,29,16,21,23
400975399,20,25,25,18
400975400,21,23,31,13
400975401,16,30,29,16
400975402,21,22,13,30
400975403,9,37,28,17
400975404,25,20,28,15
400975405,18,26,21,23
400975406,29,15,20,25
400975407,26,18,31,13
400975408,22,23,21,23
400975409,20,21,12,34
400975410,32,13,17,27
400975411,18,29,12,31
400975412,21,24,21,24
400975413,17,30,13,31
400975414,19,26,29,17
400975415,20,26,22,22
400975416,32,13,28,16
400975417,29,17,23,23
400975418,25,21,27,18
400975419,22,24,29,16
400975420,20,26,18,27
400975421,28,18,32,13
400975422,19,27,26,18
400975423,29,16,21,24
400975424,22,23,20,22
400975425,10,37,12,32
400975426,14,31,18,30
400975427,22,23,27,19
400975428,31,15,21,25
400975429,32,14,13,34
400975430,26,21,29,17
400975431,29,18,23,22
400975432,22,25,18,30
400975433,33,13,26,19
400975434,28,19,32,14
400975435,20,27,12,33
400975436,21,22,29,17
400975437,30,17,22,24
400975438,29,18,21,25
400975439,21,26,31,16
400975440,22,25,23,24
400975441,18,31,23,23
400975442,33,14,33,14
400975443,30,18,20,27
400975444,19,27,18,31
400975445,27,21,10,38
400975446,14,34,29,18
400975447,21,26,27,19
400975448,28,20,24,22
400975449,31,17,22,26
400975450,30,18,21,23
400975451,14,32,33,14
400975452,12,34,32,16
400975453,18,32,30,17
400975454,19,31,22,26
400975455,14,35,24,23
400975456,33,15,21,27
400975457,22,26,20,28
400975458,28,21,23,25
400975459,20,31,10,39
400975460,34,14,27,20
400975461,23,26,19,28
400975462,28,21,15,32
400975463,29,19,31,18
400975464,24,24,31,17
400975465,31,18,22,25
400975466,13,34,21,27
400975467,22,27,33,16
400975468,21,24,19,32
400975469,28,22,32,17
400975470,20,29,25,22
400975471,34,14,23,27
400975472,22,27,35,14
400975473,28,20,21,28
400975474,15,35,10,40
400975475,32,18,20,32
400975476,34,16,23,26
400975477,22,26,32,18
400975478,33,17,13,35
400975479,24,25,22,27
400975480,26,22,19,29
400975481,30,19,15,33
400975482,22,24,20,30
400975483,34,15,19,33
400975484,29,20,23,28
400975485,21,32,35,15
400975486,34,17,31,18
400975487,23,24,22,27
400975488,21,29,35,16
400975489,15,36,24,26
400975490,21,30,22,28
400975491,33,18,28,23
400975492,22,32,15,34
400975493,20,29,26,23
400975494,35,14,13,36
400975495,34,16,23,27
400975496,25,26,19,34
400975497,11,40,28,22
400975498,22,28,25,25
400975499,32,18,23,29
400975500,31,19,35,15
400975501,29,21,36,15
400975502,24,24,33,19
400975503,22,29,20,30
400975504,29,23,15,37
400975505,33,18,22,29
400975506,36,16,34,18
400975507,33,18,26,24
400975508,16,34,22,29
400975509,23,27,22,33
400975510,13,37,20,34
400975511,22,30,25,27
400975512,24,29,29,22
400975513,37,15,15,38
400975514,31,20,34,19
400975515,23,29,16,35
400975516,23,29,24,25
400975517,30,23,23,28
400975518,23,28,23,30
400975519,28,23,35,18
400975520,11,41,35,16
400975521,34,18,25,26
400975522,24,29,26,25
400975523,25,25,24,30
400975524,22,30,36,15
400975525,13,38,21,30
400975526,24,28,22,34
400975527,28,24,21,34
400975528,12,41,25,28
400975529,36,17,36,16
400975530,24,29,15,39
400975531,23,29,35,19
400975532,37,16,31,23
400975533,34,18,16,36
400975534,31,21,24,30
400975535,29,23,36,18
400975536,25,29,26,26
400975537,22,31,25,30
400975538,36,16,25,29
400975539,28,25,25,28
400975540,30,23,25,29
400975541,35,18,36,17
400975542,37,17,25,27
400975543,22,30,36,17
400975544,16,39,16,37
400975545,35,18,37,17
400975546,13,39,36,19
400975547,23,30,32,23
400975548,23,31,25,26
400975549,24,31,13,41
400975550,37,18,31,22
400975551,37,19,26,27
400975552,13,40,26,29
400975553,23,34,22,31
400975554,28,26,36,18
400975556,21,35,38,18
400975557,38,17,36,18
400975558,33,23,16,38
400975559,16,40,24,31
400975560,31,23,25,30
400975561,38,17,13,42
400975562,25,31,31,23
400975563,25,28,27,27
400975564,26,28,25,27
400975565,22,32,39,17
400975566,25,31,17,40
400975567,24,30,26,30
400975568,24,34,35,19
400975569,26,29,13,41
400975570,32,23,28,27
400975571,25,31,37,17
400975572,26,29,38,19
400975573,24,31,37,18
400975574,26,28,25,28
400975575,24,32,36,19
400975576,32,23,38,18
400975577,22,35,13,43
400975578,26,30,39,18
400975579,16,39,33,23
400975580,28,27,39,18
400975581,22,33,18,40
400975582,34,23,25,32
400975583,39,18,13,42
400975584,38,17,24,35
400975585,37,18,25,32
400975586,28,28,26,31
400975587,26,30,29,27
400975588,35,23,25,29
400975589,26,29,39,19
400975590,38,18,36,20
400975591,23,35,28,29
400975592,40,18,13,44
400975593,27,30,16,40
400975594,40,18,24,32
400975595,13,43,25,35
400975596,22,34,26,32
400975597,38,18,40,18
400975598,24,35,26,31
400975599,41,18,29,28
400975600,33,24,39,18
400975601,28,30,25,30
400975602,25,33,40,19
400975603,24,33,36,23
400975604,26,30,19,40
400975605,16,41,37,20
400975606,39,18,13,44
400975607,26,33,38,18
400975608,33,23,26,31
400975609,41,18,28,30
400975610,14,44,26,32
400975611,26,32,25,32
400975612,34,23,25,36
400975613,41,19,33,25
400975614,36,24,40,18
400975615,24,34,23,34
400975616,25,31,38,20
400975617,26,34,40,18
400975618,27,30,14,45
400975619,19,41,30,28
400975620,42,18,25,34
400975621,33,26,25,34
400975622,25,33,17,41
400975623,26,36,13,45
400975624,23,35,39,18
400975625,29,30,26,32
400975626,25,35,26,33
400975627,27,31,42,18
400975628,26,33,29,30
400975629,41,18,34,24
400975630,41,18,25,32
400975631,40,18,29,31
400975632,19,42,37,24
400975633,27,34,14,46
400975634,39,20,26,37
400975635,26,34,43,18
400975636,42,18,29,31
400975637,34,25,41,18
400975638,31,28,33,27
400975639,26,33,26,33
400975640,25,36,24,35
400975641,26,32,25,35
400975642,13,46,27,33
400975643,34,26,43,18
400975644,41,18,19,43
400975645,40,20,41,20
400975646,14,47,38,24
400975647,32,28,17,42
400975648,44,18,26,34
400975649,42,18,27,35
400975650,26,34,42,19
400975651,13,47,30,31
400975652,26,38,42,18
400975653,41,20,33,28
400975654,42,20,24,36
400975655,27,32,29,32
400975656,25,36,27,33
400975657,43,18,26,35
400975658,27,32,28,33
400975659,28,33,32,29
400975660,17,43,43,18
400975661,27,34,43,19
400975662,34,28,19,44
400975663,14,48,26,36
400975664,44,19,42,18
400975665,27,36,43,19
400975666,26,35,26,36
400975667,13,48,28,32
400975668,34,27,30,32
400975669,27,33,25,36
400975670,43,20,43,19
400975671,27,38,26,36
400975672,33,29,43,19
400975673,35,28,27,34
400975674,14,49,44,19
400975675,17,44,27,36
400975676,44,19,41,21
400975677,28,34,43,18
400975678,27,35,29,33
400975679,27,37,45,19
400975680,28,38,30,32
400975681,39,24,28,33
400975682,44,18,43,20
400975683,28,35,26,36
400975684,34,29,30,33
400975685,20,44,13,49
400975686,34,28,27,36
400975687,28,37,26,37
400975688,30,33,44,19
400975689,46,19,44,20
400975690,36,28,17,45
400975691,27,36,28,36
400975692,26,36,45,19
400975693,28,34,29,34
400975694,44,20,28,34
400975695,40,24,44,20
400975696,35,29,26,37
400975697,30,34,27,37
400975698,47,19,30,34
400975699,20,45,42,21
400975700,45,18,27,37
400975701,44,20,30,34
400975702,26,38,35,28
400975703,28,35,37,28
400975704,45,20,17,46
400975705,31,34,28,37
400975706,13,50,29,37
400975707,29,35,45,20
400975708,41,24,26,39
400975709,45,20,14,50
400975710,26,37,29,34
400975711,30,35,28,37
400975712,17,47,36,29
400975713,46,18,42,22
400975714,13,51,31,34
400975715,26,38,45,20
400975716,26,38,30,35
400975717,45,20,35,29
400975718,45,21,38,28
400975719,29,35,31,35
400975720,20,46,29,38
400975721,48,19,29,38
400975722,28,37,14,51
400975723,43,22,36,30
400975724,46,20,28,38
400975725,14,51,17,48
400975726,30,36,47,18
400975727,42,24,31,35
400975728,28,38,27,38
400975729,36,29,30,36
400975730,15,51,26,40
400975731,46,20,45,21
400975732,27,38,29,35
400975733,49,19,38,29
400975734,29,38,31,36
400975735,48,18,45,21
400975736,29,37,29,39
400975737,47,20,29,36
400975738,17,49,43,24
400975739,43,23,47,20
400975740,16,51,29,39
400975741,30,37,28,38
400975742,46,21,30,37
400975743,14,52,46,21
400975744,28,39,21,46
400975745,29,36,46,21
400975746,28,38,36,30
400975747,30,37,14,53
400975748,31,36,49,18
400975749,47,21,29,40
400975750,32,36,26,41
400975751,28,40,30,36
400975752,29,40,30,38
400975753,29,41,48,20
400975754,17,50,47,21
400975755,46,22,44,24
400975756,29,37,44,23
400975757,39,29,28,39
400975758,48,20,30,38
400975759,37,30,30,38
400975760,28,39,50,19
400975761,31,37,36,31
400975762,32,36,48,21
400975763,30,39,22,46
400975764,33,36,47,22
400975765,37,31,16,52
400975766,17,51,29,40
400975767,39,30,49,20
400975768,30,37,45,24
400975769,30,37,14,54
400975770,44,24,50,18
400975771,29,39,30,39
400975772,38,30,31,38
400975773,51,19,30,39
400975774,29,39,26,42
400975775,22,47,49,21
400975776,48,21,30,38
400975777,47,22,17,52
400975778,31,37,29,42
400975779,47,23,17,52
400975780,33,37,38,31
400975781,30,40,30,40
400975782,14,55,30,39
400975783,48,22,48,22
400975784,40,30,45,25
400975785,29,40,45,24
400975786,32,38,50,19
400975787,50,20,32,37
400975788,30,40,30,40
400975789,48,23,30,40
400975790,17,53,52,19
400975791,39,30,26,43
400975792,29,43,18,52
400975793,23,47,30,40
400975794,14,56,31,40
400975795,26,44,32,37
400975796,33,37,29,41
400975797,39,31,30,41
400975798,41,30,30,39
400975799,51,19,48,23
400975800,33,38,33,38
400975801,46,24,45,26
400975802,18,53,30,41
400975803,39,31,49,23
400975804,18,53,50,21
400975805,30,43,23,48
400975806,33,37,31,41
400975807,49,22,30,41
400975808,50,21,31,40
400975809,39,32,53,19
400975810,14,57,27,44
400975811,19,53,29,42
400975812,52,19,30,40
400975813,41,31,49,23
400975814,46,26,33,39
400975815,33,39,47,24
400975816,33,38,34,37
400975817,31,40,30,42
400975818,53,19,41,32
400975819,30,41,51,21
400975820,40,32,14,58
400975821,40,31,30,43
400975822,31,41,50,22
400975823,51,21,49,24
400975824,34,38,31,42
400975825,33,40,32,40
400975826,54,19,29,43
400975827,31,42,47,26
400975828,50,23,19,54
400975829,34,38,48,24
400975830,34,39,30,44
400975831,32,41,30,43
400975832,23,49,28,44
400975833,52,21,18,54
400975834,32,42,30,42
400975835,49,24,40,33
400975836,55,19,51,22
400975837,31,43,14,59
400975838,40,32,54,19
400975839,41,33,51,22
400975840,29,44,51,23
400975841,31,43,34,39
400975842,35,39,31,43
400975843,34,39,20,54
400975844,47,27,33,40
400975845,23,50,50,24
400975846,28,45,31,44
400975847,53,21,14,60
400975848,32,42,19,54
400975849,48,27,41,34
400975850,41,32,40,34
400975851,34,40,30,43
400975852,54,20,33,42
400975853,23,51,56,19
400975854,32,43,33,41
400975855,35,40,20,55
400975856,30,44,35,40
400975857,50,24,14,61
400975858,28,46,32,43
400975859,51,23,51,24
400975860,31,44,20,54
400975861,35,39,34,40
400975862,30,45,42,34
400975863,51,24,52,22
400975864,49,27,30,44
400975865,29,46,54,21
400975866,54,21,33,43
400975867,23,52,33,42
400975868,34,41,57,19
400975869,52,23,41,33
400975870,34,41,40,35
400975871,51,24,35,41
400975872,32,44,32,44
400975873,31,45,52,24
400975874,35,40,21,54
400975875,51,25,53,22
400975876,30,45,55,21
400975877,33,43,30,46
400975878,58,19,14,62
400975879,35,41,33,44
400975880,33,44,53,23
400975881,55,21,33,43
400975882,35,41,42,33
400975883,35,41,29,47
400975884,43,34,34,42
400975885,40,36,50,27
400975886,21,55,23,53
400975887,51,25,36,41
400975888,21,55,53,24
400975889,30,46,44,34
400975890,35,42,51,26
400975891,15,62,32,45
400975892,31,46,36,41
400975893,54,22,55,22
400975894,40,37,52,25
400975895,54,23,30,47
400975896,33,45,34,43
400975897,33,44,34,44
400975898,36,41,35,42
400975899,59,19,21,56
400975900,56,21,29,48
400975901,53,25,43,33
400975902,22,55,30,48
400975903,53,25,30,47
400975904,56,22,36,42
400975905,54,23,51,27
400975906,45,34,51,27
400975907,36,42,15,63
400975908,24,53,36,42
400975909,21,57,34,45
400975910,30,48,54,24
400975911,32,46,35,43
400975912,44,33,33,45
400975913,54,25,59,20
400975914,33,45,36,42
400975915,30,48,41,37
400975916,55,24,54,24
400975917,25,53,22,56
400975918,36,43,57,22
400975919,57,21,34,44
400975920,34,45,44,34
400975921,22,57,32,47
400975922,37,42,30,49
400975923,31,48,15,64
400975924,53,26,37,42
400975925,37,42,33,46
400975926,35,44,35,44
400975927,56,24,41,38
400975928,45,35,55,24
400975929,31,49,30,49
400975930,57,23,38,42
400975931,52,27,25,54
400975932,37,43,51,28
400975933,33,47,22,57
400975934,54,26,58,21
400975935,34,45,60,20
400975936,35,45,45,34
400975937,35,45,38,42
400975938,37,43,52,28
400975939,53,27,53,27
400975940,34,46,16,64
400975941,34,46,23,57
400975942,32,48,34,46
400975943,33,48,46,35
400975944,57,24,30,50
400975945,42,38,58,22
400975946,56,24,22,58
400975947,33,47,46,34
400975948,57,24,26,54
400975949,23,58,61,20
400975950,22,59,43,38
400975951,54,27,53,28
400975952,34,47,38,43
400975953,31,50,53,28
400975954,57,24,37,44
400975955,59,22,35,46
400975956,55,26,34,47
400975957,33,48,35,46
400975958,34,47,39,42
400975959,46,36,34,48
400975960,30,51,58,24
400975961,27,54,38,43
400975962,61,21,58,24
400975963,24,58,33,48
400975964,16,65,47,34
400975965,54,28,27,55
400975966,53,29,32,50
400975967,23,59,38,44
400975968,39,43,57,25
400975969,38,44,30,52
400975970,43,39,55,27
400975971,36,46,35,47
400975972,35,47,34,48
400975973,60,22,34,48
400975974,47,35,40,42
400975975,34,48,33,49
400975976,17,65,55,27
401019650,31,41,30,42
